full_name,h_index,h_medium
The Accounting Review,69,105
"Accounting, Auditing & Accountability Journal",57,89
Contemporary Accounting Research,57,87
Journal of Accounting and Economics,55,98
Review of Accounting Studies,51,80
Journal of Accounting Research,51,75
Accounting & Finance,46,68
"Accounting, Organizations and Society",45,72
The British Accounting Review,43,70
Meditari Accountancy Research,41,56
Managerial Auditing Journal,39,63
Critical Perspectives on Accounting,38,52
Auditing: A Journal of Practice & Theory,37,52
Academy of Accounting and Financial Studies Journal,37,51
European Accounting Review,36,69
Annual Conference on Taxation,35,59
Journal of Accounting and Public Policy,35,48
Journal of Applied Accounting Research,33,52
International Journal of Accounting & Information Management,32,59
"Journal of International Accounting, Auditing and Taxation",32,50
Information & Management,82,145
American Economic Journal: Applied Economics,76,127
Business Horizons,74,165
Management Information Systems Quarterly,71,129
Benchmarking: An International Journal,67,94
"The Journal of Asian Finance, Economics and Business (JAFEB)",67,85
Economic Research-Ekonomska Istraživanja,64,90
International Journal of Forecasting,63,95
British Food Journal,61,80
Information Systems Research,60,82
Cogent Business & Management,60,80
Working Paper Series-National Bureau of Economic Research (Massachusetts),59,116
Environmental Innovation and Societal Transitions,59,95
IEEE Transactions on Engineering Management,57,85
The Service Industries Journal,56,86
Journal of Enterprise Information Management,56,84
American Journal of Agricultural Economics,54,78
Journal of Management Information Systems,53,101
European Journal of Information Systems,52,111
Entrepreneurship and Sustainability Issues,52,79
World Development,111,152
Journal of Development Economics,80,121
Food Policy,66,92
The Journal of Peasant Studies,56,88
The Journal of Development Studies,50,74
Development and Change,44,64
Third World Quarterly,43,61
Economies,41,59
The World Bank Economic Review,40,58
The European Journal of Development Research,35,63
Development Policy Review,34,41
Journal of Agrarian Change,30,44
Development Southern Africa,30,39
Journal of International Development,29,50
Journal of African Business,29,48
Review of Development Economics,29,44
Asian Economic and Financial Review,29,40
The Journal of Developing Areas,28,35
Economic Development and Cultural Change,27,45
African Journal of Economic and Management Studies,27,36
The Journal of Economic History,35,49
The Economic History Review,28,44
Explorations in Economic History,24,36
Business History,24,34
Review of Keynesian Economics,23,38
European Review of Economic History,21,28
Cliometrica,19,27
History of Political Economy,17,22
Accounting History,15,16
The European Journal of the History of Economic Thought,14,20
Journal of Iberian and Latin American Economic History,13,19
Journal of the History of Economic Thought,13,19
Scandinavian Economic History Review,11,14
Investigaciones de Historia Económica/Economic History Research,10,18
Erasmus Journal for Philosophy and Economics,9,12
Agricultural History,9,10
Jahrbuch für Wirtschaftsgeschichte/Economic History Yearbook,8,10
"Œconomia. History, Methodology, Philosophy",8,10
The Indian Economic & Social History Review,7,11
History of Economic Ideas,7,10
American Economic Journal: Economic Policy,73,128
Journal of Monetary Economics,72,113
European Economic Review,60,91
American Economic Journal: Macroeconomics,57,107
Emerging Markets Finance and Trade,57,86
Economic Analysis and Policy,54,76
Journal of International Money and Finance,53,80
Oxford Review of Economic Policy,52,93
Journal of Financial Stability,52,77
Brookings Papers on Economic Activity,46,102
Applied Economic Perspectives and Policy,46,82
Review of Economic Dynamics,42,57
"Journal of Money, Credit and Banking",41,66
The World Bank Economic Review,40,58
Journal of Policy Modeling,40,57
Utilities Policy,38,53
International Economics,35,80
Economic Policy,34,95
Journal of Macroeconomics,34,51
Economic Systems,31,51
American Economic Review,160,258
The Review of Financial Studies,119,200
Journal of Political Economy,116,211
The Quarterly Journal of Economics,113,237
The Journal of Finance,104,173
The Review of Economic Studies,104,164
Econometrica,93,173
Journal of Economic Perspectives,85,174
Journal of Public Economics,84,149
Review of Economics and Statistics,80,132
Journal of Development Economics,80,121
The Economic Journal,79,113
Journal of Monetary Economics,72,113
Economic Modelling,72,97
Journal of the European Economic Association,65,100
Journal of International Economics,64,105
American Economic Association Papers and Proceedings,64,96
Economics Letters,60,140
European Economic Review,60,91
Journal of Economic Literature,59,163
Educational Management Administration & Leadership,52,81
Professional Development in Education,44,66
Educational Administration Quarterly,41,64
International Journal of Educational Management,41,61
Journal of Education Policy,40,60
Educational Policy,37,54
School Leadership & Management,35,61
Phi Delta Kappan,35,57
Journal of Educational Administration,34,63
International Journal of Leadership in Education,33,59
School Effectiveness and School Improvement,33,56
Education and Urban Society,30,52
Leadership and Policy in Schools,26,41
"Educational Assessment, Evaluation and Accountability",25,39
Journal of School Leadership,24,38
Educational Leadership,24,32
"The Clearing House: A Journal of Educational Strategies, Issues and Ideas",22,36
International Studies in Educational Administration (Commonwealth Council for Educational Administration & Management (CCEAM)),21,33
Management in Education,19,34
Arts Education Policy Review,19,30
International Journal of Disaster Risk Reduction,77,102
Natural Hazards,63,85
Natural Hazards and Earth System Sciences,53,73
Disaster Medicine and Public Health Preparedness,47,66
Journal of Flood Risk Management,46,60
"Geomatics, Natural Hazards and Risk",41,65
Journal of Contingencies and Crisis Management,40,58
Earthquake Spectra,38,54
International Journal of Disaster Risk Science,37,51
Progress in Disaster Science,35,58
Disasters,35,45
Natural Hazards Review,29,49
Jamba: Journal of Disaster Risk Studies,28,37
Disaster Prevention and Management: An International Journal,26,41
Journal of Humanitarian Logistics and Supply Chain Management,26,34
Economics of Disasters and Climate Change,25,46
Environmental Hazards,25,35
Geoenvironmental Disasters,24,39
Georisk: Assessment and Management of Risk for Engineered Systems and Geohazards,24,34
Natural Hazards and Earth System Sciences,23,37
Research Policy,101,152
Small Business Economics,92,132
Journal of Business Venturing,76,118
Entrepreneurship Theory and Practice,70,110
Journal of Small Business Management,62,90
International Journal of Entrepreneurial Behavior & Research,62,87
International Entrepreneurship and Management Journal,61,88
"Journal of Open Innovation: Technology, Market, and Complexity",59,103
Technovation,59,97
The Journal of Technology Transfer,59,84
Journal of Intellectual Capital,57,86
Journal of Innovation & Knowledge,56,121
European Journal of Innovation Management,55,87
Journal of Production Innovation Management,50,83
International Small Business Journal,47,74
Entrepreneurship & Regional Development,47,73
Technology Analysis & Strategic Management,47,66
Journal of Small Business and Enterprise Development,46,65
R&D Management,45,80
Journal of the Knowledge Economy,43,62
Journal of Financial Economics,123,202
The Review of Financial Studies,119,200
Finance Research Letters,114,187
The Journal of Finance,104,173
Journal of Corporate Finance,82,119
International Review of Financial Analysis,71,111
Research in International Business and Finance,71,109
Journal of Banking & Finance,70,103
Journal of Financial and Quantitative Analysis,65,102
Journal of Risk and Financial Management,60,90
Emerging Markets Finance and Trade,57,86
International Review of Economics & Finance,57,78
Pacific-Basin Finance Journal,56,77
Journal of Accounting and Economics,55,98
Review of Finance,53,106
Journal of International Money and Finance,53,80
Journal of Financial Stability,52,77
Review of Accounting Studies,51,80
"Journal of International Financial Markets, Institutions and Money",51,78
The Quarterly Review of Economics and Finance,48,78
Journal of Economic Behavior & Organization,58,80
ACM Conference on Electronic Commerce,51,70
Organizational Behavior and Human Decision Processes,49,74
Decision Sciences,36,65
Games and Economic Behavior,36,53
Journal of Economic Psychology,35,62
Journal of Behavioral and Experimental Economics,33,48
Experimental Economics,32,49
Simulation & Gaming,30,44
Theoretical Economics,30,41
Journal of Artificial Societies and Social Simulation,28,47
Group Decision and Negotiation,27,39
Journal of Risk and Uncertainty,26,51
Journal of Behavioral Decision Making,25,34
Theory and Decision,19,28
Dynamic Games and Applications,19,25
Games,18,33
Decision,18,30
Social Choice and Welfare,18,26
International Conference on Web and Internet Economics,17,29
Journal of Management,112,170
Academy of Management Journal,90,128
Journal of Vocational Behavior,82,123
Journal of Knowledge Management,82,120
The International Journal of Human Resource Management,80,113
Academy of Management Review,76,120
The Leadership Quarterly,72,123
International Journal of Project Management,72,100
Journal of Management Studies,71,124
Journal of Organizational Behavior,67,122
Human Resource Management Review,67,106
Academy of Management Annals,62,131
Human Relations,62,84
International Journal of Management Reviews,61,106
Organization Studies,61,93
Journal of Human Resources,60,88
Human Resource Management,58,90
Leadership & Organization Development Journal,58,86
Journal of Management in Engineering,58,76
Administrative Science Quarterly,56,102
The International Journal of Human Resource Management,80,113
Journal of International Business Studies,78,123
International Review of Financial Analysis,71,111
Research in International Business and Finance,71,109
International Business Review,68,98
Journal of World Business,66,89
Emerging Markets Finance and Trade,57,86
Pacific-Basin Finance Journal,56,77
"Journal of International Financial Markets, Institutions and Money",51,78
International Marketing Review,46,62
Borsa Istanbul Review,44,67
Emerging Markets Review,43,66
Cogent Economics & Finance,43,63
International Journal of Emerging Markets,43,62
Global Strategy Journal,41,75
Asia Pacific Journal of Management,41,64
Journal of International Management,41,57
International Journal of Islamic and Middle Eastern Finance and Management,40,59
Journal of Islamic Accounting and Business Research,38,48
Global Finance Journal,37,66
Journal of Business Research,173,265
Journal of Retailing and Consumer Services,131,195
Industrial Marketing Management,99,137
Journal of Destination Marketing & Management,75,111
Journal of the Academy of Marketing Science,72,145
Journal of Marketing,71,124
International Journal of Bank Marketing,65,110
Journal of Consumer Research,62,101
Journal of Islamic Marketing,61,83
Electronic Commerce Research and Applications,60,94
Journal of Hospitality Marketing & Management,56,105
Psychology & Marketing,56,77
European Journal of Marketing,55,86
International Journal of Consumer Studies,55,83
International Journal of Retail & Distribution Management,54,98
Journal of Interactive Marketing,54,93
Journal of Marketing Research,54,92
Journal of Product & Brand Management,54,79
Asia Pacific Journal of Marketing and Logistics,53,82
Marketing Science,52,80
Journal of Business Research,173,265
Technological Forecasting and Social Change,157,243
Journal of Retailing and Consumer Services,131,195
Management Science,114,173
Journal of Management,112,170
Industrial Marketing Management,99,137
Academy of Management Journal,90,128
Strategic Management Journal,88,146
Journal of Corporate Finance,82,119
Omega,77,108
Academy of Management Review,76,120
Journal of Business Venturing,76,118
Management Decision,75,133
Journal of the Academy of Marketing Science,72,145
Journal of Management Studies,71,124
Entrepreneurship Theory and Practice,70,110
European Management Journal,65,103
Long Range Planning,62,107
Journal of Small Business Management,62,90
Journal of Service Management,58,95
International Journal of Hospitality Management,130,194
Tourism Management,126,185
Current Issues in Tourism,94,143
International Journal of Contemporary Hospitality Management,92,127
Annals of Tourism Research,85,133
Journal of Sustainable Tourism,84,117
Journal of Travel Research,79,121
Tourism Management Perspectives,76,128
Journal of Destination Marketing & Management,75,111
Journal of Hospitality and Tourism Management,70,107
Journal of Travel & Tourism Marketing,61,99
Tourism Review,58,84
Journal of Hospitality Marketing & Management,56,105
Tourism Geographies,55,117
Journal of Hospitality & Tourism Research,50,71
Asia Pacific Journal of Tourism Research,46,64
International Journal of Tourism Research,45,57
Tourism Economics,44,65
Journal of Hospitality and Tourism Technology,40,66
Tourism Recreation Research,40,55
Biosensors and Bioelectronics,134,186
Analytical Chemistry,127,168
Sensors and Actuators B: Chemical,121,152
TrAC Trends in Analytical Chemistry,114,166
Talanta,89,114
ACS Sensors,86,127
Analytica Chimica Acta,83,111
Lab on a Chip,82,110
Microchemical Journal,70,95
Microchimica Acta,68,83
Analytical and Bioanalytical Chemistry,67,104
The Analyst,67,95
Journal of Electroanalytical Chemistry,66,86
Journal of Proteome Research,65,112
Molecular & Cellular Proteomics,65,99
Biosensors,64,84
Journal of Pharmaceutical and Biomedical Analysis,63,86
Journal of Chromatography A,62,74
Journal of Food and Drug Analysis,53,79
Analytical Methods,50,67
Nucleic Acids Research,238,539
Molecular Cell,149,206
Journal of Biological Chemistry,106,151
Redox Biology,106,149
Antioxidants,105,140
Nature Chemical Biology,100,159
Biomolecules,99,143
The EMBO Journal,98,161
Nature Structural & Molecular Biology,98,140
Free Radical Biology and Medicine,93,139
Biochemical and Biophysical Research Communications,89,119
Journal of Biomolecular Structure and Dynamics,77,128
Journal of Cellular Biochemistry,75,94
FEBS Journal,73,115
Antioxidants & Redox Signaling,72,112
Matrix Biology,70,119
Trends in Biochemical Sciences,70,105
Bioorganic Chemistry,70,98
Protein Science,66,124
Annual Review of Biochemistry,65,131
Ceramics International,105,135
Journal of the European Ceramic Society,77,107
Journal of the American Ceramic Society,61,82
Journal of Advanced Ceramics,55,78
International Journal of Refractory Metals and Hard Materials,49,72
International Journal of Applied Ceramic Technology,30,41
Journal of Asian Ceramic Societies,26,37
Boletín de la Sociedad Española de Cerámica y Vidrio,24,36
Journal of the Korean Ceramic Society,23,32
International Journal of Applied Glass Science,22,27
Journal of the Australian Ceramic Society,22,26
Advances in Applied Ceramics,21,30
Journal of Advanced Dielectrics,20,28
Journal of the Ceramic Society of Japan,20,27
Open Ceramics,17,24
Ceramics,17,23
Cerâmica,17,23
Journal of Electroceramics,17,21
Refractories and Industrial Ceramics,16,25
Processing and Application of Ceramics,14,22
Angewandte Chemie International Edition,266,362
Chemical Reviews,264,459
Chemical Society Reviews,248,390
Journal of the American Chemical Society,235,321
Chemical engineering journal,206,258
ACS Energy Letters,166,231
Molecules,164,228
Accounts of Chemical Research,163,231
Advanced Science,158,202
International Journal of Biological Macromolecules,146,185
Chemical Science,132,174
Journal of Molecular Liquids,130,175
ACS Sustainable Chemistry & Engineering,129,163
Chem,123,197
Fuel,121,154
Nature Chemistry,120,185
ACS Central Science,111,168
RSC Advances,109,156
"Chemical Communications (Cambridge, England)",109,142
The Journal of Physical Chemistry Letters,105,132
Applied Catalysis B: Environmental,205,267
ACS Catalysis,177,237
Nature Catalysis,143,271
Green Chemistry,112,161
Journal of Energy Chemistry,97,130
ChemSusChem,95,119
Journal of Catalysis,81,103
Chinese Journal of Catalysis,78,121
Catalysis Today,77,100
Catalysts,77,99
Catalysis Science & Technology,76,95
ChemCatChem,73,94
Microporous and Mesoporous Materials,72,100
Journal of CO2 Utilization,72,94
Advanced Synthesis & Catalysis,70,93
Applied Catalysis A: General,61,78
Molecular Catalysis,50,66
Reaction Chemistry & Engineering,43,65
Catalysis Communications,40,48
Research on Chemical Intermediates,39,50
Progress in Energy and Combustion Science,82,171
Combustion and Flame,66,84
Journal of the Energy Institute,54,75
Proceedings of the Combustion Institute,54,70
Fire Safety Journal,40,55
Fire Technology,35,50
Journal of Engineering for Gas Turbines and Power,33,43
International Journal of Engine Research,32,41
Journal of Turbomachinery,32,39
Journal of Propulsion and Power,30,37
Propulsion and Power Research,28,44
Combustion Science and Technology,28,33
"Propellants, Explosives, Pyrotechnics",27,36
Fire and Materials,27,33
SAE International Journal of Engines,25,32
Shock Waves,24,33
AIAA/SAE/ASEE Joint Propulsion Conference,23,37
"Proceedings of the Institution of Mechanical Engineers, Part A: Journal of Power and Energy",23,32
Combustion Theory and Modelling,20,24
Journal of Energetic Materials,18,22
Composites Part B: Engineering,136,178
Composite Structures,100,130
Composites Science and Technology,94,123
Composites Part A: Applied Science and Manufacturing,90,119
Composites Communications,60,78
Polymer Composites,59,77
Mechanics of Advanced Materials and Structures,46,59
Journal of Composite Materials,41,59
International Journal of Adhesion and Adhesives,41,55
Journal of Sandwich Structures & Materials,39,49
Journal of Composites Science,38,65
"Proceedings of the Institution of Mechanical Engineers, Part L: Journal of Materials: Design and Applications",36,45
Journal of Composites for Construction,36,42
Journal of Reinforced Plastics and Composites,34,52
Journal of Thermoplastic Composite Materials,33,55
Express Polymer Letters,31,43
Applied Composite Materials,28,38
Composite Interfaces,28,37
The Journal of Adhesion,26,35
Composites Part C: Open Access,25,33
Journal of Molecular Structure,73,90
Crystal Growth & Design,62,80
Crystals,56,71
CrystEngComm,55,72
Polyhedron,51,76
Inorganic Chemistry Communications,44,55
Journal of Applied Crystallography,42,64
Acta Crystallographica Section D: Structural Biology,37,72
International Union of Crystallography Journal,36,49
Liquid Crystals,34,38
Acta Crystallographica Section A: Foundations and Advances,30,51
"Acta Crystallographica Section B: Structural Science, Crystal Engineering and Materials",27,39
Structural Chemistry,26,33
Journal of Coordination Chemistry,25,31
Chinese Journal of Structural Chemistry,22,33
Crystal Research and Technology,18,25
Journal of Structural Chemistry,18,24
Transition Metal Chemistry,17,27
Molecular Crystals and Liquid Crystals,17,25
Acta Crystallographica Section C: Structural Chemistry,17,23
Journal of Colloid and Interface Science,123,157
Food Hydrocolloids,120,158
Advances in Colloid and Interface Science,90,125
Colloids and Surfaces B: Biointerfaces,77,99
Colloids and Surfaces A: Physicochemical and Engineering Aspects,76,91
Langmuir,73,99
Microporous and Mesoporous Materials,72,100
Applied Clay Science,68,95
Soft Matter,67,87
Current Opinion in Colloid & Interface Science,49,66
Gels,40,62
Aerosol Science and Technology,38,67
Journal of Aerosol Science,38,55
Colloids and Interface Science Communications,38,52
Journal of Nanoparticle Research,37,49
Adsorption Science & Technology,36,57
Microfluidics and Nanofluidics,34,38
Journal of Dispersion Science and Technology,33,43
Particle & Particle Systems Characterization,32,46
Journal of Porous Materials,29,37
Energy Storage Materials,142,199
Journal of Power Sources,132,173
Electrochimica Acta,106,133
Journal of Energy Storage,100,139
Journal of The Electrochemical Society,100,133
ACS Applied Energy Materials,87,109
Electrochemical Society Meeting Abstracts,78,119
Sustainable Energy & Fuels,69,94
Journal of Electroanalytical Chemistry,66,86
Current Opinion in Electrochemistry,64,92
Materials Today Energy,64,88
Electrochemical Energy Reviews,61,115
Surfaces and Interfaces,61,81
ChemElectroChem,60,85
ECS Meeting,57,89
Electrochemistry Communications,53,85
Materials Science for Energy Technologies,51,73
Energy & Environmental Materials,50,79
Carbon Energy,50,76
Green Energy & Environment,48,67
Coordination Chemistry Reviews,148,206
Inorganic Chemistry,86,107
"Dalton Transactions (Cambridge, England)",78,98
Inorganic Chemistry Frontiers,72,93
Polyhedron,51,76
Journal of Inorganic and Organometallic Polymers and Materials,47,64
Organometallics,47,62
Inorganica Chimica Acta,47,59
Journal of Cluster Science,44,62
Inorganic Chemistry Communications,44,55
Journal of Inorganic Biochemistry,41,53
Journal of Organometallic Chemistry,35,50
European Journal of Inorganic Chemistry,35,40
Bioinorganic Chemistry and Applications,28,42
Inorganics,27,45
Inorganic and Nano-Metal Chemistry,27,37
Journal of Coordination Chemistry,25,31
Russian Journal of Inorganic Chemistry,23,32
Journal of Inorganic and General Chemistry,22,27
Transition Metal Chemistry,17,27
Advanced Materials,326,415
Advanced Energy Materials,236,312
Advanced Functional Materials,230,312
ACS Nano,220,290
Energy & Environmental Science,205,308
Nano Energy,184,236
Journal of Materials Chemistry A,183,225
Nature Materials,180,302
ACS Applied Materials & Interfaces,179,217
Small,164,219
Nano Letters,158,203
Energy Storage Materials,142,199
Carbon,140,185
Nature Reviews Materials,136,272
Composites Part B: Engineering,136,178
Nanoscale,132,177
Applied Surface Science,129,158
Chemistry of Materials,127,171
Additive Manufacturing,127,170
Materials & Design,125,171
Journal of Medicinal Chemistry,106,165
European Journal of Medicinal Chemistry,104,144
Drug Discovery Today,82,115
Medicinal Research Reviews,73,110
Natural Products Reports,69,99
Current Medicinal Chemistry,69,97
Bioorganic & Medicinal Chemistry,53,70
Expert Opinion on Drug Discovery,50,67
Expert Opinion on Therapeutic Patents,49,73
ACS Medicinal Chemistry Letters,47,65
Journal of Enzyme Inhibition and Medicinal Chemistry,47,63
Bioorganic & Medicinal Chemistry Letters,47,61
ChemMedChem,44,62
Future Medicinal Chemistry,44,55
Current Topics in Medicinal Chemistry,43,57
Mini Reviews in Medicinal Chemistry,40,59
Medicinal Chemistry Communications,40,58
Archiv der Pharmazie,37,57
Anti-Cancer Agents in Medicinal Chemistry,35,50
Journal of Computer-Aided Molecular Design,34,46
ACS Nano,220,290
Nano Energy,184,236
ACS Applied Materials & Interfaces,179,217
Nature Nanotechnology,170,292
Small,164,219
Nano Letters,158,203
Nanoscale,132,177
Nanomaterials,114,146
Advanced Optical Materials,112,151
Nano-Micro Letters,108,142
Nano Research,97,127
The Journal of Physical Chemistry C,91,123
Journal of Materials Chemistry B,89,115
Nano Today,87,124
Advanced Materials Interfaces,81,117
Nanophotonics,80,121
Environmental Science-Nano,80,113
ACS Applied Nano Materials,79,94
Advanced Electronic Materials,75,97
Applied Materials Today,73,107
Journal of Petroleum Science and Engineering,84,108
Marine and Petroleum Geology,65,84
Petroleum Exploration and Development,63,93
Journal of Natural Gas Science and Engineering,61,75
SPE Journal,51,69
Egyptian Journal of Petroleum,41,77
Petroleum Science,41,56
Journal of Petroleum Exploration and Production Technology,40,56
American Association of Petroleum Geologists Bulletin,38,51
Natural Gas Industry B,36,47
Petroleum,34,51
SPE Reservoir Evaluation & Engineering,34,48
Advances in Geo-Energy Research,33,52
Energy Exploration & Exploitation,30,45
SPE Production & Operations,26,38
Petroleum Science and Technology,26,32
Petroleum Geology and Recovery Efficiency,25,31
Petroleum Research,22,29
Oil & Gas Science and Technology–Revue d’IFP Energies nouvelles,22,28
Petroleum Geoscience,21,31
Green Chemistry,112,161
Organic Letters,86,98
Chinese Chemical Letters,78,96
ChemCatChem,73,94
Bioorganic Chemistry,70,98
Advanced Synthesis & Catalysis,70,93
The Journal of Organic Chemistry,65,77
Organic Chemistry Frontiers,64,85
Organic & Biomolecular Chemistry,63,88
Applied Organometallic Chemistry,57,75
The Chemical Record,53,79
ChemistrySelect,52,65
Bulletin of the Chemical Society of Japan,49,72
Chinese Journal of Chemistry,48,65
Synthesis,48,63
Organometallics,47,62
Natural Product Research,46,59
Organic Process Research & Development,44,67
Beilstein Journal of Organic Chemistry,44,63
European Journal of Organic Chemistry,44,62
Carbohydrate Polymers,138,172
Polymers,119,168
Progress in Polymer Science,104,159
Macromolecules,86,110
Biomacromolecules,77,103
European Polymer Journal,75,103
Progress in Organic Coatings,70,85
Polymer Chemistry,67,91
Polymer,66,88
Polymer Testing,64,86
ACS Macro Letters,61,84
Macromolecular Rapid Communications,60,81
Polymer Degradation and Stability,60,79
Journal of Applied Polymer Science,60,76
Polymer Composites,59,77
Journal of polymers and the environment,57,75
Macromolecular Bioscience,50,71
Polymers for Advanced Technologies,48,68
ACS Applied Polymer Materials,47,58
Macromolecular Materials and Engineering,45,61
Buildings,53,70
Lighting Research & Technology,33,51
Frontiers of Architectural Research,31,43
International Journal of Building Pathology and Adaptation,26,39
Archnet-IJAR: International Journal of Architectural Research,25,36
Architectural Engineering and Design Management,24,38
LEUKOS: The Journal of the Illuminating Engineering Society of North America,24,37
Architectural Science Review,24,36
Journal of Architectural Engineering,23,27
Intelligent Buildings International,20,37
Advances in Building Energy Research,18,32
International Journal of Architectural Computing,17,28
Journal of Green Building,16,24
International Journal of Built Environment and Sustainability,16,19
Annual Symposium on Simulation for Architecture and Urban Design,15,21
Light & Engineering,15,18
Architectural Design,14,20
International Journal of High-Rise Buildings,12,17
Journal of Contemporary Urban Affairs,12,14
Journal of Landscape Architecture,11,18
Neural Information Processing Systems,309,503
International Conference on Learning Representations,303,563
International Conference on Machine Learning,254,463
AAAI Conference on Artificial Intelligence,212,344
Expert Systems with Applications,148,221
IEEE Transactions on Neural Networks and Learning Systems,145,223
"IEEE Transactions On Systems, Man And Cybernetics Part B, Cybernetics",144,199
Neurocomputing,135,202
International Joint Conference on Artificial Intelligence (IJCAI),133,197
Applied Soft Computing,126,174
Knowledge-Based Systems,120,169
Neural Computing and Applications,117,157
IEEE Transactions on Fuzzy Systems,113,172
The Journal of Machine Learning Research,106,181
Artificial Intelligence Review,91,152
International Conference on Artificial Intelligence and Statistics,91,148
Neural Networks,91,139
Engineering Applications of Artificial Intelligence,87,132
Applied Intelligence,78,119
Conference on Robot Learning,76,133
"IEEE Transactions on Systems, Man, and Cybernetics: Systems",120,162
IEEE Transactions on Fuzzy Systems,113,172
IEEE Transactions on Automatic Control,112,144
Automatica,103,133
IEEE/CAA Journal of Automatica Sinica,77,118
ISA Transactions,76,96
IEEE Transactions on Control Systems Technology,74,102
International Journal of Robust and Nonlinear Control,60,84
International Federation of Automatic Control-PapersOnLine,60,75
Annual Reviews in Control,59,103
IEEE Transactions on Control of Network Systems,56,76
International Journal of Fuzzy Systems,54,80
Control Engineering Practice,53,72
Journal of Intelligent & Robotic Systems,49,70
IEEE Conference on Decision and Control,48,66
Journal of Process Control,46,70
"Journal of Guidance, Control, and Dynamics",46,67
American Control Conference,43,65
Mechatronics,43,59
"Annual Review of Control, Robotics, and Autonomous Systems",42,97
Aerospace Science and Technology,73,90
Acta Astronautica,57,73
AIAA Journal,54,77
Progress in Aerospace Sciences,53,94
Chinese Journal of Aeronautics,52,82
Drones,47,69
"Journal of Guidance, Control, and Dynamics",46,67
AIAA Forum,45,54
Aerospace,37,52
Journal of Aircraft,36,48
Journal of Spacecraft and Rockets,33,45
IEEE Aerospace Conference,32,49
AIAA Aerospace Sciences Meeting,32,40
Journal of Turbomachinery,32,39
International Conference on Unmanned Aircraft Systems,30,42
IEEE Aerospace and Electronic Systems Magazine,30,38
Journal of Propulsion and Power,30,37
Propulsion and Power Research,28,44
Journal of Aerospace Engineering,26,32
Navigation,25,40
Bioinformatics,148,233
Briefings in Bioinformatics,102,137
PLOS Computational Biology,92,125
BMC Bioinformatics,80,107
GigaScience,70,123
IEEE/ACM Transactions on Computational Biology and Bioinformatics,56,83
Journal of Cheminformatics,53,107
Journal of Theoretical Biology,53,78
"Genomics, Proteomics & Bioinformatics",49,95
Database,43,71
Mathematical Biosciences and Engineering,43,60
Computational Biology and Chemistry,39,52
Journal of Mathematical Biology,35,45
Mathematical Biosciences,34,61
IEEE International Conference on Bioinformatics and Biomedicine,33,46
BMC Systems Biology,33,42
Current Opinion in Systems Biology,30,53
Current Bioinformatics,29,50
NAR Genomics and Bioinformatics,29,46
Molecular Informatics,29,41
Biomaterials,135,172
Acta Biomaterialia,119,156
Bioactive Materials,86,131
IEEE Transactions on Biomedical Engineering,75,110
ACS Biomaterials Science & Engineering,68,91
Journal of the Mechanical Behavior of Biomedical Materials,66,85
Journal of Neural Engineering,65,99
Biofabrication,64,88
IEEE Transactions on Biomedical Circuits and Systems,54,73
Journal of Biomedical Materials Research Part A,54,72
Journal of Tissue Engineering and Regenerative Medicine,54,67
Biocybernetics and Biomedical Engineering,53,85
Annals of Biomedical Engineering,49,69
"International Conference of the IEEE Engineering in Medicine and Biology Society, EMBC",48,67
Journal of Biomedical Materials Research Part B: Applied Biomaterials,47,76
Medical & Biological Engineering & Computing,46,65
IEEE Reviews in Biomedical Engineering,45,79
Physiological Measurement,43,69
Tissue Engineering Part B: Reviews,42,64
Blood Purification,41,68
Nature Biotechnology,185,332
Bioresource Technology,161,207
Biotechnology Advances,102,158
Trends in Biotechnology,95,150
Applied Microbiology and Biotechnology,92,126
Current Opinion in Biotechnology,85,125
Metabolic Engineering,74,97
Biotechnology for Biofuels,70,89
Biomass and Bioenergy,67,88
Algal Research,66,86
Critical Reviews in Biotechnology,65,91
Biocatalysis and Agricultural Biotechnology,63,87
ACS Synthetic Biology,62,83
Microbial Cell Factories,62,82
Biotechnology Journal,58,78
Biotechnology and Bioengineering,58,71
Process Biochemistry,56,83
Bioresource Technology Reports,54,67
Bioengineering,52,78
New Biotechnology,52,74
Ceramics International,105,135
Journal of the European Ceramic Society,77,107
Journal of the American Ceramic Society,61,82
Journal of Advanced Ceramics,55,78
International Journal of Refractory Metals and Hard Materials,49,72
International Journal of Applied Ceramic Technology,30,41
Journal of Asian Ceramic Societies,26,37
Boletín de la Sociedad Española de Cerámica y Vidrio,24,36
Journal of the Korean Ceramic Society,23,32
International Journal of Applied Glass Science,22,27
Journal of the Australian Ceramic Society,22,26
Advances in Applied Ceramics,21,30
Journal of Advanced Dielectrics,20,28
Journal of the Ceramic Society of Japan,20,27
Open Ceramics,17,24
Ceramics,17,23
Cerâmica,17,23
Journal of Electroceramics,17,21
Refractories and Industrial Ceramics,16,25
Processing and Application of Ceramics,14,22
Construction and Building Materials,145,179
Automation in Construction,119,180
Cement and Concrete Research,105,145
Engineering Structures,93,119
Cement and Concrete Composites,90,118
Journal of Building Engineering,88,126
Computer‐Aided Civil and Infrastructure Engineering,61,103
Case Studies in Construction Materials,59,83
Journal of Construction Engineering and Management,57,81
Journal of Constructional Steel Research,55,67
Steel and Composite Structures,54,93
Journal of Materials in Civil Engineering,54,64
Journal of Structural Engineering,53,65
Structures,51,68
Advances in Civil Engineering,49,69
Journal of Computing in Civil Engineering,48,76
"Engineering, Construction and Architectural Management",48,75
International Journal of Construction Management,48,70
Earthquake Engineering & Structural Dynamics,47,62
International Journal of Pavement Engineering,46,60
Progress in Energy and Combustion Science,82,171
Combustion and Flame,66,84
Journal of the Energy Institute,54,75
Proceedings of the Combustion Institute,54,70
Fire Safety Journal,40,55
Fire Technology,35,50
Journal of Engineering for Gas Turbines and Power,33,43
International Journal of Engine Research,32,41
Journal of Turbomachinery,32,39
Journal of Propulsion and Power,30,37
Propulsion and Power Research,28,44
Combustion Science and Technology,28,33
"Propellants, Explosives, Pyrotechnics",27,36
Fire and Materials,27,33
SAE International Journal of Engines,25,32
Shock Waves,24,33
AIAA/SAE/ASEE Joint Propulsion Conference,23,37
"Proceedings of the Institution of Mechanical Engineers, Part A: Journal of Power and Energy",23,32
Combustion Theory and Modelling,20,24
Journal of Energetic Materials,18,22
Meeting of the Association for Computational Linguistics (ACL),192,329
Conference on Empirical Methods in Natural Language Processing (EMNLP),176,302
Conference of the North American Chapter of the Association for Computational Linguistics: Human Language Technologies (HLT-NAACL),133,236
Transactions of the Association for Computational Linguistics,75,135
International Conference on Computational Linguistics (COLING),73,119
International Conference on Language Resources and Evaluation (LREC),61,126
Workshop on Machine Translation,50,90
International Workshop on Semantic Evaluation,45,79
Conference on Computational Natural Language Learning (CoNLL),43,66
Computer Speech & Language,41,61
IEEE Spoken Language Technology Workshop (SLT),40,80
Conference of the European Chapter of the Association for Computational Linguistics (EACL),38,57
Computational Linguistics,34,63
Language Resources and Evaluation,31,50
Annual Meeting of the Special Interest Group on Discourse and Dialogue (SIGDIAL),29,56
International Conference on Natural Language Generation,28,42
Workshop on Representation Learning for NLP,27,47
Workshop on Innovative Use of NLP for Building Educational Applications,27,45
BlackboxNLP Workshop on Analyzing and Interpreting Neural Networks for NLP,26,42
Transactions on Asian and Low-Resource Language Information Processing,26,36
ACM Transactions on Graphics (TOG),111,169
IEEE Transactions on Visualization and Computer Graphics,90,126
Computer Graphics Forum,59,90
The Visual Computer,42,68
Computers & Graphics,34,52
IEEE Computer Graphics and Applications,29,54
"SIBGRAPI Conference on Graphics, Patterns and Images",25,38
ACM Symposium on Virtual Reality Software and Technology,24,36
Visual Informatics,22,37
Computer Aided Geometric Design,21,31
Proceedings of the ACM on Computer Graphics and Interactive Techniques,19,40
IEEE Pacific Visualization Symposium,19,27
IEEE Visualization Conference,18,22
Information Visualization,17,29
SIGGRAPH Asia Posters,17,25
Computer Animation and Virtual Worlds,16,27
International Conference on Information Visualization,14,24
International Journal of Image and Graphics,14,17
Graphical Models,13,22
Graphics Interface,12,25
IEEE Journal of Solid-State Circuits,72,100
IEEE Transactions on Circuits and Systems I: Regular Papers,68,96
IEEE Transactions on Circuits and Systems II: Express Briefs,68,81
IEEE International Solid-State Circuits Conference,66,97
Design Automation Conference (DAC),60,80
IEEE Transactions on Computer-Aided Design of Integrated Circuits and Systems,58,92
IEEE/ACM International Symposium on Microarchitecture,57,92
IEEE Transactions on Computers,51,72
IEEE Transactions on Very Large Scale Integration (VLSI) Systems,49,77
"Design, Automation & Test in Europe Conference & Exhibition, DATE",49,64
Microprocessors and Microsystems,44,63
IEEE/ACM International Conference on Computer-Aided Design (ICCAD),43,57
IEEE International Symposium on Circuits and Systems,41,56
IEEE Journal on Emerging and Selected Topics in Circuits and Systems,40,62
International Conference on Computer Aided Verification (CAV),38,56
Symposium on Field Programmable Gate Arrays (FPGA),37,77
Asia and South Pacific Design Automation Conference (ASP-DAC),36,46
IEEE Symposium on VLSI Circuits (VLSIC),34,45
IEEE Symposium on Field-Programmable Custom Computing Machines,30,51
"Journal of Circuits, Systems and Computers",30,38
IEEE Communications Surveys & Tutorials,164,311
IEEE Transactions on Vehicular Technology,137,199
IEEE Transactions on Wireless Communications,128,187
IEEE Communications Magazine,119,174
IEEE Journal on Selected Areas in Communications,112,158
IEEE Transactions on Communications,110,172
IEEE Network,99,150
IEEE Wireless Communications,94,168
Journal of Network and Computer Applications,91,157
IEEE Transactions on Mobile Computing,88,112
Computer networks,87,130
IEEE Wireless Communications Letters,87,121
Computer Communications,82,120
IEEE Communications Letters,82,115
IEEE International Conference on Computer Communications (INFOCOM),80,122
IEEE Systems Journal,77,106
IEEE International Conference on Communications,76,103
Wireless Personal Communications,66,87
IEEE GLOBECOM,64,101
Wireless Communications and Mobile Computing,63,95
IEEE Symposium on Security and Privacy,98,152
IEEE Transactions on Information Forensics and Security,98,152
ACM Symposium on Computer and Communications Security,93,149
USENIX Security Symposium,92,153
Computers & Security,89,131
Network and Distributed System Security Symposium (NDSS),78,133
IEEE Transactions on Dependable and Secure Computing,69,117
International Conference on Theory and Applications of Cryptographic Techniques (EUROCRYPT),63,92
International Cryptology Conference (CRYPTO),59,96
Journal of Information Security and Applications,57,81
IACR Transactions on Cryptographic Hardware and Embedded Systems,52,81
Security and Communication Networks,51,76
International Conference on Financial Cryptography and Data Security,46,95
IEEE European Symposium on Security and Privacy,45,72
International Conference on The Theory and Application of Cryptology and Information Security (ASIACRYPT),42,61
ACM Asia Conference on Computer and Communications Security,38,54
Symposium On Usable Privacy and Security,37,55
IEEE Security & Privacy,37,51
Computer Security Applications Conference,36,61
"IEEE International Conference on Trust, Security and Privacy in Computing and Communications (TrustCom)",35,55
IEEE/CVF Conference on Computer Vision and Pattern Recognition,422,681
European Conference on Computer Vision,238,390
IEEE/CVF International Conference on Computer Vision,228,366
IEEE Transactions on Pattern Analysis and Machine Intelligence,179,318
IEEE Transactions on Image Processing,138,199
Pattern Recognition,111,160
IEEE/CVF Computer Society Conference on Computer Vision and Pattern Recognition Workshops (CVPRW),108,176
Medical Image Analysis,103,171
IEEE/CVF Winter Conference on Applications of Computer Vision (WACV),95,150
International Journal of Computer Vision,88,165
Pattern Recognition Letters,80,138
British Machine Vision Conference (BMVC),77,128
IEEE/CVF International Conference on Computer Vision Workshops (ICCVW),66,102
IEEE International Conference on Image Processing (ICIP),61,90
Asian Conference on Computer Vision (ACCV),60,92
International Conference on Pattern Recognition,58,84
Journal of Visual Communication and Image Representation,51,73
Computer Vision and Image Understanding,49,94
International Conference on 3D Vision (3DV),47,83
IEEE International Conference on Automatic Face & Gesture Recognition,47,79
IEEE Internet of Things Journal,171,250
Future Generation Computer Systems,150,224
Cluster Computing,69,91
IEEE Transactions on Services Computing,67,108
The Journal of Supercomputing,67,94
International Conference on Architectural Support for Programming Languages and Operating Systems (ASPLOS),66,99
IEEE Transactions on Parallel and Distributed Systems,66,94
Journal of Parallel and Distributed Computing,65,98
USENIX Symposium on Networked Systems Design and Implementation,60,111
Internet of Things,60,93
International Symposium on Computer Architecture (ISCA),60,87
USENIX Annual Technical Conference,59,110
IEEE/ACM International Symposium on Microarchitecture,57,92
Symposium on Operating Systems Design and Implementation (OSDI),55,94
Concurrency and Computation: Practice and Experience,54,75
IEEE International Symposium on High Performance Computer Architecture,53,84
"International Conference for High Performance Computing, Networking, Storage and Analysis",49,70
Journal of Systems Architecture,49,65
IEEE Transactions on Cloud Computing,48,79
ACM European Conference on Computer Systems,47,76
ACM SIGKDD International Conference on Knowledge Discovery & Data Mining,129,215
IEEE Transactions on Knowledge and Data Engineering,99,180
International Conference on Artificial Intelligence and Statistics,91,148
ACM International Conference on Web Search and Data Mining,75,129
Journal of Big Data,70,147
Wiley Interdisciplinary Reviews: Data Mining and Knowledge Discovery,54,98
IEEE International Conference on Big Data,53,94
IEEE International Conference on Data Mining,52,84
ACM Conference on Recommender Systems,49,91
Knowledge and Information Systems,48,85
ACM Transactions on Intelligent Systems and Technology (TIST),42,73
Data Mining and Knowledge Discovery,42,61
European Conference on Machine Learning and Knowledge Discovery in Databases,42,59
Big Data Mining and Analytics,41,67
ACM Transactions on Knowledge Discovery from Data (TKDD),41,56
SIAM International Conference on Data Mining (SDM),37,59
International Conference on Advances in Social Networks Analysis and Mining,36,53
Social Network Analysis and Mining,33,56
Pacific-Asia Conference on Knowledge Discovery and Data Mining (PAKDD),31,47
International Journal of Data Science and Analytics,30,61
International World Wide Web Conferences (WWW),106,169
IEEE Transactions on Knowledge and Data Engineering,99,180
ACM SIGIR Conference on Research and Development in Information Retrieval,90,138
Information Processing & Management,83,135
ACM International Conference on Information and Knowledge Management,79,122
International Conference on Very Large Databases,79,104
ACM International Conference on Web Search and Data Mining,75,129
ACM SIGMOD International Conference on Management of Data,71,101
Journal of Big Data,70,147
International Conference on Data Engineering,62,93
International Conference on Web and Social Media (ICWSM),59,82
IEEE International Conference on Big Data,53,94
ACM Conference on Recommender Systems,49,91
Knowledge and Information Systems,48,85
Workshop of Cross-Language Evaluation Forum,44,64
World Wide Web,44,58
ACM Transactions on Intelligent Systems and Technology (TIST),42,73
IEEE Transactions on Big Data,42,72
Information Systems,42,65
Semantic Web,41,68
Computers & Education,147,223
Education and Information Technologies,91,125
British Journal of Educational Technology,86,110
International Journal of Instruction,73,103
International Journal of Educational Technology in Higher Education,68,118
Educational Technology Research and Development,66,103
Interactive Learning Environments,66,99
Computer Assisted Language Learning,64,97
International Journal of Emerging Technologies in Learning (iJET),64,96
Journal of Computer Assisted Learning,61,92
Journal of Educational Computing Research,52,88
The Internet and Higher Education,51,94
Australasian Journal of Educational Technology,51,80
International Review of Research in Open and Distributed Learning,49,86
Educational Technology & Society,49,83
"Learning, Media and Technology",49,81
TechTrends,46,72
Distance Education,43,74
International Conference on Learning Analytics & Knowledge,42,72
Language Learning & Technology,41,68
IEEE Access,233,350
Chemical engineering journal,206,258
Sensors,168,218
ACS Energy Letters,166,231
IEEE Transactions on Industrial Informatics,162,206
Advanced Science,158,202
International Journal of Information Management,153,253
IEEE Transactions on Industrial Electronics,140,189
Applied Sciences,138,179
ACM Computing Surveys (CSUR),131,239
ACS Sustainable Chemistry & Engineering,129,163
Information Sciences,128,191
Sustainable Cities and Society,126,175
Chem,123,197
Fuel,121,154
Information Fusion,116,181
Procedia Computer Science,113,166
Mechanical Systems and Signal Processing,112,149
Nature Electronics,111,195
Proceedings of the IEEE,104,179
Waste Management,113,152
Journal of Environmental Chemical Engineering,103,132
Process Safety and Environmental Protection,83,109
Engineering Geology,78,97
Tunnelling and Underground Space Technology,77,96
Rock Mechanics and Rock Engineering,75,91
Soil Dynamics and Earthquake Engineering,62,76
Computers and Geotechnics,62,73
Bulletin of Engineering Geology and the Environment,54,74
International Journal of Greenhouse Gas Control,52,65
Cold Regions Science and Technology,51,66
Acta Geotechnica,50,69
Journal of Geotechnical and Geoenvironmental Engineering,49,74
Waste Management & Research,48,73
Journal of Rock Mechanics and Geotechnical Engineering,47,62
Environmental Technology,47,58
Géotechnique,45,69
International Journal of Geomechanics,45,61
Journal of Material Cycles and Waste Management,44,56
Water Science and Technology,43,57
Applied Soft Computing,126,174
IEEE Congress on Evolutionary Computation,86,150
Soft Computing,83,135
Swarm and Evolutionary Computation,77,129
Conference on Genetic and Evolutionary Computation,45,60
Evolutionary Intelligence,33,49
IEEE Symposium Series on Computational Intelligence,29,49
Evolutionary Computation,27,48
International Conference on Parallel Problem Solving from Nature,26,34
Memetic Computing,25,41
Natural Computing,24,37
International Journal of Bio-Inspired Computation,24,30
Genetic Programming and Evolvable Machines,21,30
Conference on Artificial Life,19,25
Artificial Life,17,32
International Journal of Intelligent Computing and Cybernetics,17,26
International Conference on Applications of Evolutionary Computation,17,23
Evolutionary Multi-Criterion Optimization,14,21
International Conference on Advances in Swarm Intelligence,14,20
International Journal of Swarm Intelligence Research,13,18
Trends in Food Science & Technology,139,179
Food Chemistry,137,171
Critical Reviews in Food Science and Nutrition,124,168
Food Hydrocolloids,120,158
Food Research International,116,153
Comprehensive Reviews in Food Science and Food Safety,102,139
Journal of Agricultural and Food Chemistry,98,123
Foods,95,136
LWT-Food Science and Technology,87,104
Food Control,83,107
Food Quality and Preference,76,105
Meat Science,75,99
Journal of Food Engineering,73,96
Journal of the science of food and agriculture,71,92
Current Opinion in Food Science,68,89
Innovative Food Science & Emerging Technologies,67,90
Food Packaging and Shelf Life,66,86
International Journal of Food Microbiology,65,88
Postharvest Biology and Technology,63,95
Food Microbiology,60,79
Applied Soft Computing,126,174
Knowledge-Based Systems,120,169
IEEE Transactions on Fuzzy Systems,113,172
Soft Computing,83,135
Journal of Intelligent & Fuzzy Systems,61,89
International Journal of Fuzzy Systems,54,80
Complex & Intelligent Systems,52,75
Fuzzy Sets and Systems,50,72
Neutrosophic Sets and Systems,50,66
International Journal of Approximate Reasoning,44,68
Granular Computing,35,53
International Journal of Information Technology & Decision Making,33,47
Fuzzy Optimization and Decision Making,27,40
Iranian Journal of Fuzzy Systems,24,34
IEEE International Conference on Fuzzy Systems (FUZZ),23,30
International Journal of General Systems,20,29
International Journal for Uncertainty Quantification,20,28
"International Journal of Uncertainty, Fuzziness and Knowledge-Based Systems",18,26
Advances in Fuzzy Systems,18,23
International Journal of Fuzzy Logic and Intelligent Systems,16,21
Journal of Economic Behavior & Organization,58,80
ACM Conference on Electronic Commerce,51,70
Organizational Behavior and Human Decision Processes,49,74
Decision Sciences,36,65
Games and Economic Behavior,36,53
Journal of Economic Psychology,35,62
Journal of Behavioral and Experimental Economics,33,48
Experimental Economics,32,49
Simulation & Gaming,30,44
Theoretical Economics,30,41
Journal of Artificial Societies and Social Simulation,28,47
Group Decision and Negotiation,27,39
Journal of Risk and Uncertainty,26,51
Journal of Behavioral Decision Making,25,34
Theory and Decision,19,28
Dynamic Games and Applications,19,25
Games,18,33
Decision,18,30
Social Choice and Welfare,18,26
International Conference on Web and Internet Economics,17,29
Computer Human Interaction (CHI),122,174
Proceedings of the ACM on Human-Computer Interaction,71,113
"Proceedings of the ACM on Interactive, Mobile, Wearable and Ubiquitous Technologies",63,89
IEEE Transactions on Affective Computing,62,106
International Journal of Human-Computer Studies,62,96
Behaviour & Information Technology,55,76
ACM/IEEE International Conference on Human Robot Interaction,55,72
International Journal of Human-Computer Interaction,54,95
Virtual Reality,49,85
International Conference on Intelligent User Interfaces (IUI),47,73
International Journal of Interactive Mobile Technologies,45,65
Designing Interactive Systems Conference,44,65
ACM Symposium on User Interface Software and Technology,44,62
IEEE Virtual Reality Conference,44,55
IEEE Transactions on Human-Machine Systems,42,65
Universal Access in the Information Society,42,65
ACM Transactions on Computer-Human Interaction (TOCHI),42,58
HCI International,38,55
International Journal of Child-Computer Interaction,35,58
Multimodal Technologies and Interaction,34,57
Scientometrics,69,97
Journal of Informetrics,48,73
Journal of the Association for Information Science and Technology,47,65
The Journal of Academic Librarianship,38,58
Online Information Review,37,50
Journal of Information Science,36,57
Journal of Librarianship and Information Science,34,51
Journal of Documentation,33,60
Library Hi Tech,33,46
Library Philosophy and Practice,33,46
Journal of the Medical Library Association,31,74
Information Development,31,47
Quantitative Science Studies,30,53
Information and Learning Sciences,30,41
College & Research Libraries,29,47
Learned Publishing,28,47
The Electronic Library,28,40
Aslib Journal of Information Management,27,47
Library & Information Science Research,27,38
Library Management,25,34
Additive Manufacturing,127,170
International Journal of Production Research,117,224
Computers & Industrial Engineering,104,151
The International Journal of Advanced Manufacturing Technology,94,123
Computers in Industry,90,143
Journal of Manufacturing Systems,79,143
Robotics and Computer-Integrated Manufacturing,77,117
Journal of Manufacturing Processes,75,97
Procedia Manufacturing,74,112
Journal of Intelligent Manufacturing,74,110
Procedia CIRP,74,109
Production Planning & Control,68,109
Journal of Manufacturing Technology Management,63,99
International Journal of Machine Tools and Manufacture,59,97
CIRP Annals,52,89
Rapid Prototyping Journal,49,67
Journal of Manufacturing Science and Engineering,48,69
Precision Engineering,46,60
Virtual and Physical Prototyping,45,72
International Journal of Computer Integrated Manufacturing,42,73
Advanced Materials,326,415
Advanced Energy Materials,236,312
Advanced Functional Materials,230,312
ACS Nano,220,290
Energy & Environmental Science,205,308
Nano Energy,184,236
Journal of Materials Chemistry A,183,225
Nature Materials,180,302
ACS Applied Materials & Interfaces,179,217
Small,164,219
Nano Letters,158,203
Energy Storage Materials,142,199
Carbon,140,185
Nature Reviews Materials,136,272
Composites Part B: Engineering,136,178
Nanoscale,132,177
Applied Surface Science,129,158
Chemistry of Materials,127,171
Additive Manufacturing,127,170
Materials & Design,125,171
Composite Structures,100,130
International Journal of Mechanical Sciences,83,110
Tribology International,74,93
Journal of the Mechanics and Physics of Solids,63,85
Mechanism and Machine Theory,59,73
International Journal of Engineering Science,58,87
Engineering Failure Analysis,55,76
International Journal of Solids and Structures,55,67
Wear,54,69
Theoretical and Applied Fracture Mechanics,51,75
European Journal of Mechanics-A/Solids,47,65
Mechanics of Advanced Materials and Structures,46,59
Advances in Mechanical Engineering,45,71
Journal of Mechanical Design,45,63
Journal of Vibration and Control,44,62
Journal of the Brazilian Society of Mechanical Sciences and Engineering,44,61
Vehicle System Dynamics,42,60
Friction,40,57
Mechanics Based Design of Structures and Machines,39,59
"Proceedings of the Institution of Mechanical Engineers, Part C: Journal of Mechanical Engineering Science",38,50
Journal of Medical Internet Research,146,209
npj Digital Medicine,96,159
IEEE Journal of Biomedical and Health Informatics,91,138
Journal of Medical Internet Research - Mobile Health and Ubiquitous Health,85,128
Journal of Medical Systems,81,136
Journal of the American Medical Informatics Association,78,133
The Lancet Digital Health,76,129
Artificial Intelligence in Medicine,70,98
Journal of Biomedical Informatics,68,109
International Journal of Medical Informatics,68,100
Telemedicine and e-Health,61,84
BMC Medical Informatics and Decision Making,59,95
Journal of Telemedicine and Telecare,53,77
JMIR Medical Informatics,47,72
Digital Health,41,63
Health Informatics Journal,41,61
Health Policy and Technology,36,72
JMIR Research Protocols,35,46
Health Information Science and Systems,34,59
Health and Technology,34,55
Materials Science and Engineering: A,94,117
Journal of Materials Research and Technology,89,117
Metals,64,87
Materials Characterization,63,84
Journal of Magnesium and Alloys,59,91
Intermetallics,50,64
Metallurgical and Materials Transactions A,50,61
International Journal of Refractory Metals and Hard Materials,49,72
Journal of Materials Engineering and Performance,44,53
"International Journal of Minerals, Metallurgy and Materials",40,51
Transactions of Nonferrous Metals Society of China,39,47
Metals and Materials International,37,49
Science and Technology of Welding and Joining,37,49
Metallurgical and Materials Transactions B,37,44
Mineral Processing and Extractive Metallurgy Review,34,48
Materials Science and Technology,32,43
Journal of Thermal Spray Technology,31,44
Acta Metallurgica Sinica (English Letters),31,43
Steel Research International,28,36
ISIJ International,28,31
IEEE Electron Device Letters,70,91
IEEE Transactions on Electron Devices,61,78
"IEEE International Electron Devices Meeting, IEDM",51,68
Microwave and Optical Technology Letters,40,53
Microelectronic Engineering,39,51
Journal of Semiconductors,37,56
Electronics Letters,37,54
IEEE Symposium on VLSI Technology,37,52
IEEE Journal of the Electron Devices Society,37,47
"IEEE Transactions on Components, Packaging and Manufacturing Technology",37,44
Microelectronics Reliability,35,42
IEEE Electronic Components and Technology Conference (ECTC),30,39
Solid-State Electronics,30,39
Microelectronics Journal,30,37
Analog Integrated Circuits and Signal Processing,27,34
IEEE Solid-State Circuits Letters,27,33
IEEE/MTT-S International Microwave Symposium,26,38
Journal of Electronic Packaging,26,30
IEEE International Reliability Physics Symposium (IRPS),23,32
IEEE Transactions on Device and Materials Reliability,23,31
Rock Mechanics and Rock Engineering,75,91
International Journal of Rock Mechanics and Mining Sciences,72,91
Minerals Engineering,63,84
International Journal of Mining Science and Technology,55,73
Hydrometallurgy,49,66
Journal of Rock Mechanics and Geotechnical Engineering,47,62
Geotechnical and Geological Engineering,36,47
International Journal of Coal Science & Technology,35,43
Mineral Processing and Extractive Metallurgy Review,34,48
Geophysical Prospecting,31,37
Mine Water and the Environment,29,39
Geomechanics and Geophysics for Geo-Energy and Geo-Resources,28,38
"International Journal of Mining, Reclamation and Environment",25,35
"Mining, Metallurgy & Exploration",24,34
International Journal of Coal Preparation and Utilization,21,29
Journal of Sustainable Mining,20,56
US Rock Mechanics/Geomechanics Symposium,20,26
Journal of the Southern African Institute of Mining and Metallurgy,18,25
Physicochemical Problems of Mineral Processing,18,23
Mining Engineering,17,27
Multimedia Tools and Applications,96,137
IEEE Transactions on Multimedia,92,138
IEEE Transactions on Circuits and Systems for Video Technology,86,120
ACM International Conference on Multimedia,84,112
IEEE International Conference on Image Processing (ICIP),61,90
Journal of Visual Communication and Image Representation,51,73
Signal Processing: Image Communication,50,77
"ACM Transactions on Multimedia Computing, Communications, and Applications (TOMM)",49,71
IET Image Processing,46,58
IEEE International Conference on Multimedia and Expo,43,60
International Society for Music Information Retrieval Conference,43,57
EURASIP Journal on Image and Video Processing,36,52
ACM International Conference on Multimedia Retrieval,33,55
ACM Multimedia Systems Conference (MMSys),33,54
Multimedia Systems,32,63
International Workshop on Quality of Multimedia Experience,30,46
IEEE International Conference on Advanced Video and Signal-Based Surveillance (AVSS),27,53
IEEE Conference on Multimedia Information Processing and Retrieval,27,42
Computational Visual Media,26,50
Conference on Multimedia Modeling,26,47
ACS Nano,220,290
Nano Energy,184,236
ACS Applied Materials & Interfaces,179,217
Nature Nanotechnology,170,292
Small,164,219
Nano Letters,158,203
Nanoscale,132,177
Nanomaterials,114,146
Advanced Optical Materials,112,151
Nano-Micro Letters,108,142
Nano Research,97,127
The Journal of Physical Chemistry C,91,123
Journal of Materials Chemistry B,89,115
Nano Today,87,124
Advanced Materials Interfaces,81,117
Nanophotonics,80,121
Environmental Science-Nano,80,113
ACS Applied Nano Materials,79,94
Advanced Electronic Materials,75,97
Applied Materials Today,73,107
Ocean Engineering,82,110
Journal of Marine Science and Engineering,50,64
Coastal Engineering,49,71
Applied Ocean Research,47,62
Marine Structures,43,51
IEEE Journal of Oceanic Engineering,42,56
Journal of Ocean Engineering and Science,32,41
International Journal of Naval Architecture and Ocean Engineering,28,36
Journal of Coastal Research,28,34
Ships and Offshore Structures,27,36
Journal of Marine Science and Technology,26,37
Journal of Coastal Conservation,26,34
Journal of Offshore Mechanics and Arctic Engineering,23,28
"Journal of Waterway, Port, Coastal, and Ocean Engineering",22,30
Coastal Engineering Journal,21,37
"Proceedings of the Institution of Mechanical Engineers, Part M: Journal of Engineering for the Maritime Environment",20,27
Coastal Management,19,29
Journal of Operational Oceanography,19,29
Journal of Marine Engineering & Technology,19,27
Journal of Marine Science and Application,19,27
Journal of Petroleum Science and Engineering,84,108
Marine and Petroleum Geology,65,84
Petroleum Exploration and Development,63,93
Journal of Natural Gas Science and Engineering,61,75
SPE Journal,51,69
Egyptian Journal of Petroleum,41,77
Petroleum Science,41,56
Journal of Petroleum Exploration and Production Technology,40,56
American Association of Petroleum Geologists Bulletin,38,51
Natural Gas Industry B,36,47
Petroleum,34,51
SPE Reservoir Evaluation & Engineering,34,48
Advances in Geo-Energy Research,33,52
Energy Exploration & Exploitation,30,45
SPE Production & Operations,26,38
Petroleum Science and Technology,26,32
Petroleum Geology and Recovery Efficiency,25,31
Petroleum Research,22,29
Oil & Gas Science and Technology–Revue d’IFP Energies nouvelles,22,28
Petroleum Geoscience,21,31
International Journal of Production Economics,118,179
International Journal of Production Research,117,224
European Journal of Operational Research,111,167
Computers & Industrial Engineering,104,151
Transportation Research Part E: Logistics and Transportation Review,89,114
Annals of Operations Research,82,120
Computers & Operations Research,72,102
Production Planning & Control,68,109
Manufacturing & Service Operations Management,67,102
Mathematical Programming,65,123
International Journal of Operations & Production Management,65,105
Journal of Manufacturing Technology Management,63,99
Production and Operations Management,62,96
Supply Chain Management: An International Journal,58,92
Operations Research,56,82
The International Journal of Logistics Management,52,99
International Journal of Physical Distribution & Logistics Management,52,90
Transportation Science,50,84
Journal of Purchasing and Supply Management,48,64
International Transactions in Operational Research,47,65
Nuclear Fusion,56,66
Physics of Plasmas,50,67
Plasma Sources Science and Technology,47,68
Plasma Physics and Controlled Fusion,42,59
Fusion Engineering and Design,38,57
IEEE Transactions on Plasma Science,32,42
Plasma Chemistry and Plasma Processing,31,45
Journal of Plasma Physics,31,42
Nuclear Materials and Energy,28,35
Matter and Radiation at Extremes,27,39
Plasma Science and Technology,24,33
Fusion Science and Technology,21,30
Contributions to Plasma Physics,20,25
Plasma Physics Reports,19,26
Journal of Fusion Energy,17,28
Plasma,16,22
Plasma and Fusion Research,15,20
Laser and Particle Beams,14,17
High Energy Density Physics,13,20
IEEE International Conference on Plasma Science,12,27
IEEE Transactions on Smart Grids,147,193
IEEE Transactions on Power Electronics,124,160
IEEE Transactions on Power Systems,124,156
IEEE Transactions on Sustainable Energy,93,130
International Journal of Electrical Power & Energy Systems,84,107
IEEE Power and Energy Society General Meeting,78,119
IEEE Journal of Emerging and Selected Topics in Power Electronics,75,102
IEEE Transactions on Power Delivery,70,90
Electric Power Systems Research,69,92
IEEE Transactions on Transportation Electrification,65,95
IEEE Transactions on Energy Conversion,59,78
IET Renewable Power Generation,55,76
Journal of Modern Power Systems and Clean Energy,54,73
"IET Generation, Transmission & Distribution",54,72
IEEE Transactions on Dielectrics and Electrical Insulation,47,58
Protection and Control of Modern Power Systems,46,71
CSEE Journal of Power and Energy Systems,45,76
IET Power Electronics,44,56
International Transactions on Electrical Energy Systems,43,54
"Sustainable Energy, Grids and Networks",42,63
Safety Science,92,137
Reliability Engineering & System Safety,89,121
Total Quality Management & Business Excellence,59,85
Risk Analysis,54,84
IEEE Transactions on Reliability,51,79
International Journal of Quality & Reliability Management,49,63
Journal of Risk Research,48,73
The TQM Journal,48,70
Structural Safety,42,64
International Journal of Lean Six Sigma,41,58
International Journal of Systems Assurance Engineering and Management,35,50
Quality and Reliability Engineering International,32,40
Eksploatacja i Niezawodność-Maintenance And Reliability,26,39
International Journal for Quality Research,25,44
International Symposium on Software Reliability Engineering,25,38
"Proceedings of the Institution of Mechanical Engineers, Part O: Journal of Risk and Reliability",25,32
Journal of Quality Technology,23,39
Quality Engineering,23,37
Quality Technology & Quantitative Management,23,32
"International Conference on Computer Safety, Reliability, and Security",22,42
IEEE Transactions on Aerospace and Electronic Systems,64,90
GPS Solutions,47,60
"IET Radar, Sonar & Navigation",33,46
IEEE Radar Conference,32,43
The Journal of Navigation,31,52
Navigation,25,40
International Technical Meeting of the Satellite Division of The Institute of Navigation,25,33
International Conference on Indoor Positioning and Indoor Navigation (IPIN),23,40
"IEEE/ION Position, Location and Navigation Symposium",23,32
TransNav: International Journal on Marine Navigation and Safety of Sea Transportation,21,33
International Radar Symposium,19,27
European Radar Conference,18,22
International Radar Conference,18,22
International Technical Meeting of The Institute of Navigation,15,23
Gyroscopy and Navigation,15,22
IEEE MTT-S International Conference on Microwaves for Intelligent Mobility,15,21
European Conference on Synthetic Aperture Radar,15,20
International Conference on Localization and GNSS,14,18
International Microwave and Radar Conference,13,16
IEEE International Conference on Methods and Systems of Navigation and Motion Control,12,25
Remote Sensing of Environment,141,202
Remote Sensing,141,186
IEEE Transactions on Geoscience and Remote Sensing,124,184
ISPRS Journal of Photogrammetry and Remote Sensing,103,156
IEEE Geoscience and Remote Sensing Letters,76,117
IEEE Journal of Selected Topics in Applied Earth Observations and Remote Sensing,74,107
International Journal of Applied Earth Observation and Geoinformation,74,99
International Journal of Remote Sensing,61,81
Geocarto International,51,75
Remote Sensing Applications: Society and Environment,48,62
International Journal of Digital Earth,44,55
IEEE Geoscience and Remote Sensing Magazine,43,76
IEEE International Geoscience and Remote Sensing Symposium,43,68
The Egyptian Journal of Remote Sensing and Space Sciences,41,77
"The International Archives of the Photogrammetry, Remote Sensing and Spatial Information Sciences",41,55
GIScience & Remote Sensing,40,60
European Journal of Remote Sensing,38,67
Journal of the Indian Society of Remote Sensing,33,49
Remote Sensing Letters,33,45
IEEE Radar Conference,32,43
IEEE International Conference on Robotics and Automation,119,183
IEEE Robotics and Automation Letters,106,145
Science Robotics,98,171
IEEE/RSJ International Conference on Intelligent Robots and Systems,78,137
Robotics and Computer-Integrated Manufacturing,77,117
IEEE Transactions on Robotics,74,114
IEEE/ASME Transactions on Mechatronics,74,105
The International Journal of Robotics Research,69,109
Robotics: Science and Systems,61,117
Soft Robotics,60,91
Robotics and Autonomous Systems,56,80
ACM/IEEE International Conference on Human Robot Interaction,55,72
Frontiers in Robotics and AI,54,75
Autonomous Robots,50,74
Journal of Field Robotics,50,70
International Journal of Social Robotics,49,73
Journal of Intelligent & Robotic Systems,49,70
Mechatronics,43,59
"Annual Review of Control, Robotics, and Autonomous Systems",42,97
IEEE Transactions on Cognitive and Developmental Systems,42,65
IEEE Transactions on Image Processing,138,199
IEEE Transactions on Wireless Communications,128,187
"IEEE International Conference on Acoustics, Speech and Signal Processing (ICASSP)",123,198
Conference of the International Speech Communication Association (INTERSPEECH),107,162
IEEE Transactions on Signal Processing,96,151
IEEE Wireless Communications Letters,87,121
IEEE Transactions on Circuits and Systems for Video Technology,86,120
IEEE Signal Processing Magazine,75,148
IEEE Journal of Selected Topics in Signal Processing,71,108
"IEEE/ACM Transactions on Audio, Speech, and Language Processing",69,108
Signal Processing,67,112
IEEE Signal Processing Letters,63,91
IEEE International Conference on Image Processing (ICIP),61,90
Journal of Visual Communication and Image Representation,51,73
Signal Processing: Image Communication,50,77
IET Image Processing,46,58
"IEEE Vehicular Technology Conference, VTC",45,61
Digital Signal Processing,44,61
IEEE Transactions on Computational Imaging,43,75
IEEE International Conference on Multimedia and Expo,43,60
ACM/IEEE International Conference on Software Engineering,85,121
IEEE Transactions on Software Engineering,69,113
Journal of Systems and Software,65,95
Information and Software Technology,62,85
ACM SIGSOFT International Symposium on Foundations of Software Engineering,60,84
Empirical Software Engineering,60,83
Proceedings of the ACM on Programming Languages,56,74
IEEE/ACM International Conference on Automated Software Engineering (ASE),50,81
ACM SIGPLAN Conference on Programming Language Design and Implementation (PLDI),50,78
IEEE Software,47,79
Mining Software Repositories,46,61
International Symposium on Software Testing and Analysis,40,84
Software and Systems Modeling,39,66
Software: Practice and Experience,39,64
"International Conference on Software Analysis, Evolution, and Reengineering (SANER)",39,63
ACM Transactions on Software Engineering and Methodology (TOSEM),36,54
IEEE International Conference on Software Maintenance and Evolution,35,52
International Conference on Tools and Algorithms for the Construction and Analysis of Systems (TACAS),34,54
ACM SIGPLAN Symposium on Principles & Practice of Parallel Programming (PPOPP),33,49
IEEE Annual Computer Software and Applications Conference (COMPSAC),32,54
Composite Structures,100,130
Computer Methods in Applied Mechanics and Engineering,97,133
Engineering Structures,93,119
Thin-Walled Structures,73,90
Structural and Multidisciplinary Optimization,58,79
Structural Control and Health Monitoring,57,83
Bulletin of Earthquake Engineering,55,78
Journal of Constructional Steel Research,55,67
Steel and Composite Structures,54,93
Journal of Structural Engineering,53,65
Structures,51,68
Computers & Structures,48,72
Computational Mechanics,47,65
Earthquake Engineering & Structural Dynamics,47,62
International Journal for Numerical Methods in Engineering,45,56
Structural Concrete,45,55
Journal of Bridge Engineering,43,53
Structural Safety,42,64
Structure and Infrastructure Engineering,42,59
Journal of Earthquake Engineering,41,55
Renewable and Sustainable Energy Reviews,226,303
Applied Energy,186,237
Joule,183,276
Nature Energy,177,378
Energy,153,197
Renewable Energy,146,197
Energy Conversion and Management,146,188
Journal of Power Sources,132,173
International Journal of Hydrogen Energy,128,170
Energies,125,169
Solar Energy,112,140
Energy and Buildings,106,139
Journal of Energy Storage,100,139
IEEE Transactions on Sustainable Energy,93,130
Energy Reports,87,123
International Journal of Energy Research,77,96
Sustainable Energy Technologies and Assessments,70,91
Biomass and Bioenergy,67,88
IET Renewable Power Generation,55,76
Journal of the Energy Institute,54,75
Computer Law & Security Review,46,78
Berkeley Technology Law Journal,22,65
International Data Privacy Law,20,32
World Patent Information,20,27
"International Review of Law, Computers & Technology",18,28
IIC-International Review of Intellectual Property and Competition Law,18,24
Vanderbilt Journal of Entertainment and Technology Law,17,22
"Journal of Intellectual Property, Information Technology & Electronic Communication Law",15,23
European Data Protection Law Review,14,22
Columbia Journal of Law & the Arts,14,19
Journal of Intellectual Property Law & Practice,14,19
European Competition Journal,13,25
"Fordham Intellectual Property, Media & Entertainment Law Journal",13,22
Journal of European Consumer and Market Law,13,21
Pharmaceutical Patent Analyst,12,20
Cardozo Arts & Entertainment Law Journal,12,19
Journal of Antitrust Enforcement,12,19
The Journal of World Intellectual Property,12,18
Jurimetrics,12,17
GRUR International,9,16
Dyes and Pigments,62,76
Journal of Natural Fibers,53,70
Journal of Industrial Textiles,40,51
Advanced Fiber Materials,39,56
Fibers,38,65
Textile Research Journal,37,50
Fibers and Polymers,34,44
The Journal of The Textile Institute,33,44
Fashion and Textiles,26,42
"International Journal of Fashion Design, Technology and Education",25,48
Journal of Engineered Fibers and Fabrics,25,39
Clothing and Textiles Research Journal,20,33
Coloration Technology,20,33
Research Journal of Textile and Apparel,20,29
Autex Research Journal,18,30
Industria Textila,18,23
International Journal of Clothing Science and Technology,18,23
"Progress in Color, Colorants and Coatings",17,25
Fibres & Textiles in Eastern Europe,17,21
Fibre Chemistry,14,18
ACM Symposium on Theory of Computing,60,90
ACM SIAM Symposium on Discrete Algorithms,57,80
IEEE Symposium on Foundations of Computer Science (FOCS),50,74
Journal of the ACM (JACM),43,79
SIAM Journal on Computing,37,49
Theoretical Computer Science,37,46
Conference on Innovations in Theoretical Computer Science,36,51
"International Colloquium on Automata, Languages and Programming (ICALP)",34,49
ACM Transactions on Algorithms (TALG),32,57
IEEE Symposium on Logic in Computer Science,30,47
Algorithmica,30,41
Journal of Automated Reasoning,28,37
Logical Methods in Computer Science,25,35
Combinatorica,25,32
Random Structures & Algorithms,25,30
ACM Symposium on Parallelism in Algorithms and Architectures (SPAA),24,40
International Conference on Automated Deduction,24,33
Automated Technology for Verification and Analysis,23,34
Journal of Computer and System Sciences,23,33
European Symposium on Algorithms,23,28
IEEE Transactions on Intelligent Transportation Systems,127,188
Transportation Research Part C: Emerging Technologies,117,177
Transportation Research Part A: Policy and Practice,95,136
Transportation Research Part D: Transport and Environment,90,123
Transportation Research Part E: Logistics and Transportation Review,89,114
Accident Analysis & Prevention,82,105
Transport Policy,74,116
Journal of Transport Geography,74,96
Transportation Research Part B: Methodological,71,93
Transportation Research Part F: Traffic Psychology and Behaviour,68,87
Journal of Air Transport Management,62,105
Computer‐Aided Civil and Infrastructure Engineering,61,103
IEEE Intelligent Vehicles Symposium,58,87
IEEE Intelligent Transportation Systems Conference,58,83
Transportation Research Record,57,74
Transportation Research Interdisciplinary Perspectives,56,96
Transportation Research Procedia,56,75
Transport Reviews,55,95
Transportation,54,82
IEEE Transactions on Intelligent Vehicles,54,74
Water Research,155,210
Journal of Membrane Science,107,134
Separation and Purification Technology,107,133
Desalination,100,128
Water,94,116
Journal of Water Process Engineering,75,111
Applied Water Science,67,93
Critical Reviews in Environmental Science and Technology,65,99
Ecological Engineering,58,72
Groundwater for Sustainable Development,57,78
Environmental Science-Water Research & Technology,53,85
Water Resources Management,52,78
Water Science and Technology,43,57
Desalination and Water Treatment,42,48
Frontiers of Environmental Science & Engineering,41,52
npj Clean Water,40,73
"Water Quality, Exposure and Health",39,82
International Journal of Water Resources Development,37,61
Journal of Water Resources Planning and Management,36,42
Current Pollution Reports,35,59
Cellulose,77,96
BioResources,40,52
Journal of Bioresources and Bioproducts,39,108
European Journal of Wood and Wood Products,32,45
Wood Science and Technology,29,40
Journal of Renewable Materials,28,38
Holzforschung,27,35
Journal of Wood Science,25,38
Wood Material Science & Engineering,24,33
Maderas. Ciencia y Tecnología,20,24
International Association of Wood Anatomists Journal,19,25
Journal of Wood Chemistry and Technology,19,25
Wood and Fiber Science,18,27
Floresta e Ambiente,17,20
Cellulose Chemistry and Technology,16,24
Nordic Pulp & Paper Research Journal,16,20
Wood Research,16,19
Forest Products Journal,14,19
Journal of Forestry Engineering,13,21
Acta Facultatis Xylologiae Zvolen res Publica Slovaca,13,16
International Journal of Mental Health and Addiction,81,136
Addictive Behaviors,77,102
Addiction,76,110
Drug and Alcohol Dependence,76,106
Journal of Behavioral Addictions,64,105
International Journal of Drug Policy,63,87
Nicotine and Tobacco Research,63,84
Alcoholism-Clinical and Experimental Research,50,76
Journal of Substance Abuse Treatment,49,69
Drug and Alcohol Review,45,65
Harm Reduction Journal,44,60
Substance Use & Misuse,40,54
Addiction Biology,40,53
Journal of Addiction Medicine,39,55
The American Journal of Drug and Alcohol Abuse,37,63
Addictive Behaviors Reports,37,61
Psychology of Addictive Behaviors,36,57
Substance Abuse,36,50
Current Addiction Reports,35,49
Journal of Studies on Alcohol and Drugs,35,49
The Lancet HIV,72,104
AIDS and behavior,66,89
AIDS,58,76
Journal of the International AIDS Society,56,76
Journal of Acquired Immune Deficiency Syndromes,52,71
AIDS Care,39,47
Current HIV/AIDS Reports,38,62
Current opinion in HIV and AIDS,37,58
AIDS Patient Care and STDs,37,50
Retrovirology,34,55
HIV Medicine,33,54
International Journal of STD & AIDS,28,41
Journal of Virus Eradication,27,50
AIDS Research and Therapy,26,44
AIDS Research and Human Retroviruses,26,36
Journal of the Association of Nurses In AIDS Care,23,31
Antiviral Therapy,21,42
Southern African Journal of HIV Medicine,21,31
HIV/AIDS-Research and Palliative Care,21,28
AIDS education and prevention,19,29
Evidence-Based Complementary and Alternative Medicine,61,79
BMC Complementary and Alternative Medicine,58,82
BMC Complementary Medicine and Therapies,56,73
Complementary Therapies in Medicine,49,62
Complementary Therapies in Clinical Practice,45,74
Medicines,44,72
The Journal of Alternative and Complementary Medicine,42,53
Journal of Ethnobiology and Ethnomedicine,41,67
Journal of Traditional and Complementary Medicine,40,68
The American Journal of Chinese Medicine,39,55
Chinese Medicine,38,62
The American Journal of Occupational Therapy,36,54
Journal of Integrative Medicine,32,52
Chinese Journal of Natural Medicines,32,41
Pharmacognosy Journal,31,46
Integrative Medicine Research,30,48
European Journal of Integrative Medicine,30,43
Journal of Ayurveda and Integrative Medicine,29,50
Scandinavian Journal of Occupational Therapy,29,43
Chinese Journal of Integrative Medicine,28,37
Obstetric Anesthesia Digest,99,184
British Journal of Anaesthesia,88,125
Anesthesia and Analgesia,84,118
Anaesthesia,80,121
Anesthesiology,75,118
Regional Anesthesia & Pain Medicine,56,80
Journal of Cardiothoracic and Vascular Anesthesia,54,71
Canadian Journal of Anesthesia,48,76
Journal of Clinical Anesthesia,46,70
European Journal of Anaesthesiology| EJA,42,61
Current Opinion in Anesthesiology,42,59
Anaesthesia Critical Care & Pain Medicine,40,60
BMC Anesthesiology,40,58
Indian Journal of Anaesthesia,38,52
Pediatric Anesthesia,35,47
Acta Anaesthesiologica Scandinavica,35,46
Korean Journal of Anesthesiology,34,62
Journal of Clinical Monitoring and Computing,34,41
Minerva Anestesiologica,31,44
Best Practice & Research Clinical Anaesthesiology,30,47
"Journal of Speech, Language, and Hearing Research",46,58
Ear and Hearing,45,62
Journal of Voice,41,57
American Journal of Speech-Language Pathology,41,50
International Journal of Language & Communication Disorders,38,54
International Journal of Audiology,37,60
"Language, Speech, and Hearing Services in Schools",37,52
Trends in Hearing,35,51
Aphasiology,31,40
International Journal of Speech-Language Pathology,29,35
Journal of Communication Disorders,27,39
Journal of Neurolinguistics,25,39
Journal of Fluency Disorders,24,41
American Journal of Audiology,24,29
Journal of the American Academy of Audiology,23,32
Perspectives of the ASHA Special Interest Groups,22,28
Seminars in Speech and Language,21,30
Clinical Linguistics & Phonetics,21,29
Seminars in Hearing,20,39
Autism & Developmental Language Impairments,18,39
Nursing Ethics,58,77
Journal of Medical Ethics,49,79
The American Journal of Bioethics,42,56
BMC Medical Ethics,39,55
"Journal of Law, Medicine & Ethics",32,58
Bioethics,32,46
Hastings Center Report,30,40
"Medicine, Health Care and Philosophy",29,41
Journal of Bioethical Inquiry,27,38
Journal of Empirical Research on Human Research Ethics,25,37
Developing World Bioethics,24,33
Health Care Analysis,22,33
Cambridge Quarterly of Healthcare Ethics,22,31
Asian Bioethics Review,21,41
Neuroethics,21,34
"Ethics, Medicine and Public Health",20,29
American Journal of Bioethics Neuroscience,20,27
Public Health Ethics,20,25
Indian Journal of Medical Ethics,19,40
The Journal of Medicine and Philosophy: A Forum for Bioethics and Philosophy of Medicine,19,30
Biomaterials,135,172
Acta Biomaterialia,119,156
Bioactive Materials,86,131
IEEE Transactions on Biomedical Engineering,75,110
ACS Biomaterials Science & Engineering,68,91
Journal of the Mechanical Behavior of Biomedical Materials,66,85
Journal of Neural Engineering,65,99
Biofabrication,64,88
IEEE Transactions on Biomedical Circuits and Systems,54,73
Journal of Biomedical Materials Research Part A,54,72
Journal of Tissue Engineering and Regenerative Medicine,54,67
Biocybernetics and Biomedical Engineering,53,85
Annals of Biomedical Engineering,49,69
"International Conference of the IEEE Engineering in Medicine and Biology Society, EMBC",48,67
Journal of Biomedical Materials Research Part B: Applied Biomaterials,47,76
Medical & Biological Engineering & Computing,46,65
IEEE Reviews in Biomedical Engineering,45,79
Physiological Measurement,43,69
Tissue Engineering Part B: Reviews,42,64
Blood Purification,41,68
Circulation,206,313
Journal of the American College of Cardiology,193,305
European Heart Journal,171,283
Circulation Research,123,216
Nature Reviews Cardiology,116,190
Journal of the American Heart Association,102,135
European Journal of Heart Failure,101,150
JAMA Cardiology,98,188
JACC: Cardiovascular Imaging,91,132
Cardiovascular Research,84,133
JACC: Cardiovascular Interventions,82,110
JACC: Heart Failure,79,115
Heart,75,106
Frontiers in Cardiovascular Medicine,74,91
Heart rhythm,71,117
The Annals of Thoracic Surgery,71,95
International Journal of Cardiology,68,91
The Journal of Thoracic and Cardiovascular Surgery,67,91
European journal of cardiovascular prevention and rehabilitation,66,109
EP Europace,66,96
Journal of Autism and Developmental Disorders,89,124
Child Development,82,118
Journal of Child Psychology and Psychiatry,82,113
Autism,77,115
Journal of Youth and Adolescence,67,102
European Child & Adolescent Psychiatry,64,105
Developmental Science,64,87
Developmental Psychology,63,86
Developmental Cognitive Neuroscience,60,88
Journal of Clinical Child & Adolescent Psychology,57,84
Development and Psychopathology,53,72
Journal of Attention Disorders,52,71
Journal of Abnormal Child Psychology,50,66
Child Development Perspectives,47,76
Journal of Experimental Child Psychology,47,62
Clinical Child and Family Psychology Review,44,66
Journal of Research on Adolescence,43,65
Journal of Applied Developmental Psychology,43,61
Early Childhood Development and Care,43,58
Journal of Family Psychology,43,57
Clinica chimica acta,72,113
Clinical Chemistry,66,105
Clinical Chemistry and Laboratory Medicine,57,91
Journal of Clinical Laboratory Analysis,44,61
Critical Reviews in Clinical Laboratory Sciences,40,64
Clinical Biochemistry,39,61
International Journal of Laboratory Hematology,39,59
Advances in Clinical Chemistry,34,56
Annals of Laboratory Medicine,32,50
Annals of Clinical Biochemistry,29,39
Journal of Analytical Methods in Chemistry,28,37
Journal of Laboratory Physicians,26,37
The Journal of Applied Laboratory Medicine,26,34
Indian Journal of Clinical Biochemistry,25,39
Journal of Medical Biochemistry,25,35
Scandinavian Journal of Clinical and Laboratory Investigation,25,34
Biochemia Medica,25,32
Clinical Laboratory,23,34
Laboratory Medicine,23,31
Electronic journal of the International Federation of Clinical Chemistry and Laboratory Medicine,22,33
The Lancet Infectious Diseases,176,339
Clinical Infectious Diseases,163,310
Journal of Medical Virology,143,293
International Journal of Infectious Diseases,117,246
Clinical Microbiology and Infection,114,167
Emerging Infectious Diseases,109,210
Journal of Infection,103,191
Euro surveillance: European communicable disease bulletin,102,191
Vaccine,98,143
The Journal of Infectious Diseases,93,159
Journal of Clinical Microbiology,93,147
Frontiers in Cellular and Infection Microbiology,93,130
Emerging Microbes & Infections,91,186
International Journal of Antimicrobial Agents,82,127
PLOS Neglected Tropical Diseases,81,108
BMC Infectious Diseases,80,115
Antimicrobial Agents and Chemotherapy,79,113
Journal of Antimicrobial Chemotherapy,78,123
Clinical Microbiology Reviews,76,190
Microbial Pathogenesis,76,110
Critical Care,119,174
Intensive Care Medicine,116,173
Critical Care Medicine,94,144
Annals of Intensive Care,61,101
Journal of Critical Care,55,78
Journal of Intensive Care Medicine,46,68
Intensive & critical care nursing,46,62
Pediatric Critical Care Medicine,45,62
Journal of Intensive Care,43,61
Current Opinion in Critical Care,42,66
Australian critical care,36,55
Critical Care Clinics,34,59
Critical Care Explorations,33,46
Nursing in Critical Care,33,43
Medicina intensiva,32,49
Indian Journal of Critical Care Medicine,31,52
Intensive Care Medicine Experimental,30,49
Revista Brasileira de Terapia Intensiva,30,42
American Journal of Critical Care,29,50
Critical Care Nurse,27,33
Journal of Clinical Periodontology,78,150
Journal of Dental Research,75,111
Periodontology 2000,71,109
The Journal of Prosthetic Dentistry,71,100
Journal of Endodontics,70,96
Clinical Oral Investigations,68,97
Clinical Oral Implants Research,66,100
Dental Materials,64,91
BMC Oral Health,64,87
Journal of Periodontology,62,128
International Endodontic Journal,61,104
Journal of Dentistry,60,91
Oral Diseases,59,95
Journal of Prosthodontics,58,79
Journal of Oral Rehabilitation,50,71
American Journal of Orthodontics and Dentofacial Orthopedics,49,66
Brazilian Oral Research,49,66
Clinical Implant Dentistry and Related Research,48,62
British Dental Journal,46,72
Journal of Esthetic and Restorative Dentistry,46,66
Journal of the American Academy of Dermatology,109,163
British Journal of Dermatology,86,118
Journal of the European Academy of Dermatology and Venereology,76,128
JAMA Dermatology,71,103
Journal of Investigative Dermatology,70,104
American Journal of Clinical Dermatology,59,85
Dermatologic Therapy,52,75
Experimental Dermatology,52,72
International Journal of Dermatology,49,64
Journal of Cosmetic Dermatology,48,66
Acta Dermato-Venereologica,47,67
The Journal of Dermatology,45,61
Journal of Dermatological Treatment,44,59
Clinics in Dermatology,40,61
Journal of Dermatological Science,40,58
Journal of the German Society of Dermatology: JDDG,40,57
Contact Dermatitis,39,53
Dermatology and Therapy,39,48
"Clinical, Cosmetic and Investigational Dermatology",38,60
Cosmetics,38,57
Journal of Autism and Developmental Disorders,89,124
Autism,77,115
Autism Research,61,86
Research in Developmental Disabilities,53,69
Molecular Autism,51,72
Journal of Applied Research in Intellectual Disabilities,44,60
Research in Autism Spectrum Disorders,42,62
Journal of Intellectual Disability Research,38,52
Journal of Learning Disabilities,36,54
Journal of Neurodevelopmental Disorders,35,51
Autism in Adulthood,32,45
Journal of Positive Behavior Interventions,29,45
"International Journal of Disability, Development and Education",29,42
Review Journal of Autism and Developmental Disorders,29,42
Intellectual and Developmental Disabilities,27,35
International Journal of Developmental Disabilities,26,43
Journal of Intellectual & Developmental Disability,25,45
American Journal on Intellectual and Developmental Disabilities,25,42
Journal of Intellectual Disabilities,25,42
Journal of Policy and Practice in Intellectual Disabilities,25,39
Diabetes Care,143,238
The Lancet Diabetes & Endocrinology,122,215
Diabetologia,99,145
Diabetes & Metabolic Syndrome: Clinical Research & Reviews,96,168
"Diabetes, Obesity and Metabolism",82,117
Cardiovascular Diabetology,81,117
Diabetes Research and Clinical Practice,77,112
Diabetes,76,102
Diabetes Technology & Therapeutics,61,81
Diabetic Medicine,58,93
Current Diabetes Reports,58,91
Journal of Diabetes Research,58,83
Pediatric Diabetes,54,95
Diabetes-Metabolism Research and Reviews,54,84
"Diabetes, Metabolic Syndrome and Obesity",51,72
Acta Diabetologica,49,68
Diabetes Therapy,48,68
Journal of Diabetes Investigation,47,70
Journal of Diabetes Science and Technology,47,64
Diabetology & Metabolic Syndrome,46,79
Resuscitation,71,126
The American Journal of Emergency Medicine,70,116
Annals of Emergency Medicine,59,77
Journal of Trauma and Acute Care Surgery,57,68
World Journal of Emergency Surgery,50,77
Internal and Emergency Medicine,48,71
Academic Emergency Medicine,48,68
Disaster Medicine and Public Health Preparedness,47,66
Western Journal of Emergency Medicine,47,59
Journal of Intensive Care,43,61
Current Opinion in Critical Care,42,66
The Journal of Emergency Medicine,41,63
Clinical Toxicology,41,60
"Scandinavian Journal of Trauma, Resuscitation and Emergency Medicine",40,65
European Journal of Trauma and Emergency Surgery,40,61
Emergency Medicine Journal,37,49
Prehospital Emergency Care,36,48
Journal of Emergency Nursing,35,45
Critical Care Clinics,34,59
International Emergency Nursing,34,55
Frontiers in Endocrinology,113,162
Nature Reviews Endocrinology,107,198
The Journal of Clinical Endocrinology & Metabolism,87,127
Endocrine Reviews,82,156
Trends in Endocrinology & Metabolism,67,97
Journal of Bone and Mineral Research,67,89
Thyroid,65,99
Psychoneuroendocrinology,65,97
European Journal of Endocrinology,64,98
Journal of Pineal Research,63,92
Maturitas,63,87
Osteoporosis International,60,80
Endocrinology,59,92
The Journal of Steroid Biochemistry and Molecular Biology,57,97
Journal of Endocrinological Investigation,56,83
Molecular and Cellular Endocrinology,54,77
Endocrine,54,70
Endocrine-Related Cancer,51,73
Bone Research,48,90
Calcified Tissue International,48,71
Morbidity and Mortality Weekly Report,186,335
Emerging Infectious Diseases,109,210
Euro surveillance: European communicable disease bulletin,102,191
International Journal of Epidemiology,90,140
Journal of Clinical Epidemiology,79,126
Journal of Hospital Infection,72,107
European Journal of Epidemiology,70,112
Journal of Infection and Public Health,68,118
American Journal of Epidemiology,67,91
Antimicrobial Resistance & Infection Control,65,90
American Journal of Infection Control,61,102
Journal of Epidemiology and Community Health,61,87
Infection control and hospital epidemiology,59,100
International Journal of Hygiene and Environmental Health,59,78
Epidemiology & Infection,55,74
SSM-Population Health,54,77
Environmental Health,52,76
Epidemiology,50,68
"Air Quality, Atmosphere & Health",48,73
Clinical Epidemiology,47,73
Gastroenterology,172,268
Gut,164,258
Journal of Hepatology,149,220
Hepatology,135,199
Nature Reviews Gastroenterology & Hepatology,112,258
The Lancet Gastroenterology & Hepatology,103,165
Clinical gastroenterology and hepatology,97,145
World Journal of Gastroenterology,93,129
American Journal of Gastroenterology,86,137
Gastrointestinal Endoscopy,84,117
Alimentary Pharmacology & Therapeutics,76,109
Gut Microbes,74,102
Liver International,72,108
Journal of Crohn's and Colitis,69,98
Inflammatory Bowel Diseases,65,98
Endoscopy,65,91
Digestive Diseases and Sciences,60,77
Journal of Gastroenterology,59,91
Journal of Gastroenterology and Hepatology,57,80
Cellular and Molecular Gastroenterology and Hepatology,55,83
Nature Genetics,188,305
Genome Biology,124,213
Nature Reviews Genetics,121,269
Oncogene,102,143
Frontiers in Genetics,99,137
The American Journal of Human Genetics,92,124
Genetics in Medicine,87,123
Genes,85,112
PLOS Genetics,83,123
Genome Research,82,110
BMC Genomics,76,99
Genome Medicine,75,109
Trends in Genetics,70,116
Gene,65,91
Theoretical and Applied Genetics,65,85
Genetics,64,95
Human Molecular Genetics,64,88
Clinical Epigenetics,57,79
European Journal of Human Genetics,57,78
"G3: Genes, Genomes, Genetics",55,66
Alzheimer's & Dementia,98,142
Frontiers in Aging Neuroscience,88,117
Movement Disorders,87,128
Aging,84,117
Ageing Research Reviews,83,126
Journal of the American Geriatrics Society,83,124
Journal of Alzheimer's Disease,83,123
Aging Cell,79,122
BMC Geriatrics,76,97
Gerontologist,73,116
The Journals of Gerontology: Series A,69,96
The Journals of Gerontology: Series B,68,98
Molecular Neurodegeneration,66,110
Age and Ageing,66,101
Alzheimer's Research & Therapy,66,94
Neurobiology of Aging,62,84
Aging & Mental Health,61,87
Experimental Gerontology,61,84
Aging Clinical and Experimental Research,60,94
Clinical Interventions in Aging,59,96
Obstetrical & Gynecological Survey,125,226
American Journal of Obstetrics & Gynecology,113,167
Obstetric Anesthesia Digest,99,184
Obstetrics & Gynecology,78,122
BJOG:An International Journal of Obstetrics and Gynaecology,73,105
Ultrasound in Obstetrics & Gynecology,71,123
Human Reproduction Update,68,127
International journal of gynaecology and obstetrics,66,125
Gynecologic Oncology,66,84
The Journal of Maternal-Fetal & Neonatal Medicine,59,80
Best Practice & Research Clinical Obstetrics & Gynaecology,58,92
Acta Obstetricia et Gynecologica Scandinavica,51,75
International Journal of Gynecologic Cancer,50,72
Archives of Gynecology and Obstetrics,50,67
European Journal of Obstetrics & Gynecology and Reproductive Biology,50,64
Journal of Minimally Invasive Gynecology,43,60
International Urogynecology Journal,43,57
American Journal of Perinatology,42,64
Reproductive Sciences,42,56
Seminars in Fetal and Neonatal Medicine,41,60
The New England Journal of Medicine,439,876
The Lancet,368,688
JAMA,286,476
Nature Medicine,268,459
Proceedings of the National Academy of Sciences,268,394
BMJ,218,356
International Journal of Molecular Sciences,215,305
PLoS ONE,212,294
Cell Metabolism,160,232
JAMA Network Open,151,246
Cochrane Database of Systematic Reviews,151,240
The Journal of Clinical Investigation,142,203
Science Translational Medicine,142,200
Annals of Internal Medicine,138,225
Cell Host & Microbe,130,216
JAMA Internal Medicine,125,197
Journal of Clinical Medicine,125,178
The Lancet Global Health,124,239
Biomedicine & Pharmacotherapy,123,172
Theranostics,121,172
The Annals of Thoracic Surgery,71,95
The Journal of Thoracic and Cardiovascular Surgery,67,91
European Journal of Cardio-Thoracic Surgery,55,82
Annals of Cardiothoracic Surgery,33,50
Journal of Cardiac Surgery,30,42
Interactive CardioVascular and Thoracic Surgery,30,40
Journal of Cardiothoracic Surgery,29,45
General Thoracic and Cardiovascular Surgery,27,37
Seminars in Thoracic and Cardiovascular Surgery,26,36
The Thoracic and Cardiovascular Surgeon,26,31
Perfusion,25,36
Thoracic Surgery Clinics,23,39
Revista Brasileira de Cirurgia Cardiovascular,22,31
World Journal for Pediatric and Congenital Heart Surgery,22,28
The Journal of Cardiovascular Surgery,21,30
Annals of thoracic and cardiovascular surgery,18,27
Innovations,18,26
Journal of Visualized Surgery,18,23
Scandinavian Cardiovascular Journal,17,25
Seminars in Cardiothoracic and Vascular Anesthesia,17,23
Blood,158,232
Journal of Hematology & Oncology,120,187
Leukemia,100,143
Blood Advances,86,120
Journal of Thrombosis and Haemostasis,85,142
American Journal of Hematology,83,117
Haematologica,80,102
The Lancet Haematology,77,131
British Journal of Haematology,75,108
Thrombosis Research,62,93
Blood Cancer Journal,59,83
Biology of Blood and Marrow Transplantation,58,80
Thrombosis and Haemostasis,56,95
Blood Reviews,54,74
Bone Marrow Transplantation,52,87
Transfusion,51,65
Annals of Hematology,47,70
Journal of Thrombosis and Thrombolysis,46,88
Seminars in Thrombosis and Hemostasis,45,59
Research and Practice in Thrombosis and Haemostasis,41,61
Supportive Care in Cancer,66,92
Journal of Pain and Symptom Management,64,93
Palliative Medicine,57,75
BMC Palliative Care,49,60
Death Studies,43,68
Journal of Palliative Medicine,41,63
American Journal of Hospice and Palliative Medicine,40,57
Annals of Palliative Medicine,38,49
BMJ Supportive & Palliative Care,37,49
Palliative & Supportive Care,36,54
OMEGA-Journal of Death and Dying,32,45
Journal of Hospice & Palliative Nursing,27,34
Indian Journal of Palliative Care,25,33
Current Opinion in Supportive and Palliative Care,24,42
Journal of Palliative Care,23,27
International Journal of Palliative Nursing,17,29
Mortality,16,26
Journal of Health Care Chaplaincy,16,22
"Illness, Crisis & Loss",14,20
Progress in Palliative Care,14,20
Frontiers in Immunology,212,286
Immunity,168,260
Nature Reviews Immunology,157,328
Nature Immunology,139,223
Journal of Allergy and Clinical Immunology,123,184
Journal of Experimental Medicine,114,172
Science Immunology,102,154
Allergy,101,160
The Journal of Immunology,90,116
Cellular & Molecular Immunology,88,149
The Journal of Allergy and Clinical Immunology: In Practice,86,125
Autoimmunity Reviews,83,113
Trends in Immunology,80,143
International Immunopharmacology,78,110
Immunological Reviews,73,118
Fish & Shellfish Immunology,73,97
Journal of Autoimmunity,72,103
Annual Review of Immunology,71,146
European Journal of Immunology,71,114
Journal of Immunology Research,66,103
Journal of Medical Internet Research,146,209
npj Digital Medicine,96,159
IEEE Journal of Biomedical and Health Informatics,91,138
Journal of Medical Internet Research - Mobile Health and Ubiquitous Health,85,128
Journal of Medical Systems,81,136
Journal of the American Medical Informatics Association,78,133
The Lancet Digital Health,76,129
Artificial Intelligence in Medicine,70,98
Journal of Biomedical Informatics,68,109
International Journal of Medical Informatics,68,100
Telemedicine and e-Health,61,84
BMC Medical Informatics and Decision Making,59,95
Journal of Telemedicine and Telecare,53,77
JMIR Medical Informatics,47,72
Digital Health,41,63
Health Informatics Journal,41,61
Health Policy and Technology,36,72
JMIR Research Protocols,35,46
Health Information Science and Systems,34,59
Health and Technology,34,55
Journal of Medicinal Chemistry,106,165
European Journal of Medicinal Chemistry,104,144
Drug Discovery Today,82,115
Medicinal Research Reviews,73,110
Natural Products Reports,69,99
Current Medicinal Chemistry,69,97
Bioorganic & Medicinal Chemistry,53,70
Expert Opinion on Drug Discovery,50,67
Expert Opinion on Therapeutic Patents,49,73
ACS Medicinal Chemistry Letters,47,65
Journal of Enzyme Inhibition and Medicinal Chemistry,47,63
Bioorganic & Medicinal Chemistry Letters,47,61
ChemMedChem,44,62
Future Medicinal Chemistry,44,55
Current Topics in Medicinal Chemistry,43,57
Mini Reviews in Medicinal Chemistry,40,59
Medicinal Chemistry Communications,40,58
Archiv der Pharmazie,37,57
Anti-Cancer Agents in Medicinal Chemistry,35,50
Journal of Computer-Aided Molecular Design,34,46
Cell,316,503
Nucleic Acids Research,238,539
Cell Reports,158,212
Nature Reviews. Molecular Cell Biology,149,422
Molecular Cell,149,206
Nature Cell Biology,123,201
Oncogene,102,143
Biomolecules,99,143
Developmental Cell,99,142
The EMBO Journal,98,161
Nature Structural & Molecular Biology,98,140
PLOS Genetics,83,123
Cold Spring Harbor Perspectives in Biology,80,146
"Methods in Molecular Biology (Clifton, NJ)",79,123
Journal of Molecular Biology,78,121
Journal of Biomolecular Structure and Dynamics,77,128
Genes & Development,77,118
FEBS Journal,73,115
EMBO Reports,71,99
Protein Science,66,124
Marine Drugs,83,119
Phytotherapy Research,78,113
Journal of Ethnopharmacology,74,98
Phytomedicine,71,87
Natural Products Reports,69,99
Journal of Natural Products,48,64
Natural Product Research,46,59
Planta Medica,40,60
Fitoterapia,40,55
Journal of Medicinal Food,37,53
Pharmaceutical Biology,37,49
Chemistry & Biodiversity,33,46
Chinese Journal of Natural Medicines,32,41
Pharmacognosy Journal,31,46
Revista Brasileira de Farmacognosia,31,39
Natural Product Communications,30,38
Journal of Dietary Supplements,29,52
Phytochemical Analysis,29,46
Journal of Essential Oil Bearing Plants,28,42
Avicenna Journal of Phytomedicine,28,33
Nature Neuroscience,164,264
Neuron,153,242
The Lancet Neurology,141,238
NeuroImage,138,189
Neurology,129,181
Nature Reviews Neuroscience,118,227
Brain,118,150
JAMA Neurology,117,182
Frontiers in Neuroscience,115,158
Nature Reviews Neurology,107,203
Neuroscience & Biobehavioral Reviews,105,156
Journal of Neuroscience,100,136
Frontiers in Neurology,95,129
Acta Neuropathologica,94,156
Annals of Neurology,92,125
Journal of Neuroinflammation,92,123
Frontiers in Aging Neuroscience,88,117
Movement Disorders,87,128
Frontiers in Cellular Neuroscience,86,126
"Journal of Neurology, Neurosurgery & Psychiatry",84,121
Journal of Neurosurgery,73,94
World Neurosurgery,66,87
Neurosurgery,63,78
Neurosurgical Focus,51,66
Journal of Neurosurgery. Spine,47,64
Neurosurgical Review,40,59
Acta Neurochirurgica,40,50
Journal of Neurosurgery: Pediatrics,37,52
Operative Neurosurgery,35,51
Neurosurgery Clinics,31,44
Journal of Neurological Surgery Part B: Skull Base,27,31
Surgical Neurology International,26,33
Journal of Korean Neurosurgical Society,25,33
Journal of Neurosurgical Sciences,24,33
British Journal of Neurosurgery,23,32
Neurologia Medico-chirurgica,22,32
Asian Journal of Neurosurgery,22,28
Acta neurochirurgica. Supplement,21,26
Neurochirurgie,21,26
Brain Tumor Research and Treatment,20,34
European Journal of Nuclear Medicine and Molecular Imaging,91,117
Journal of Nuclear Medicine,90,127
International Journal of Radiation Oncology * Biology * Physics,81,102
Medical Physics,80,122
Radiotherapy and Oncology,80,122
Physics in Medicine & Biology,71,102
Diagnostics,68,94
Radiation Oncology,50,69
Physica Medica: European Journal of Medical Physics,48,62
Journal of Nuclear Cardiology,44,63
NMR in biomedicine,42,65
Technology in Cancer Research & Treatment,38,62
Clinical Nuclear Medicine,38,45
IEEE Transactions on Radiation and Plasma Medical Sciences,37,55
Molecular Imaging and Biology,37,55
Cancer imaging,37,52
Journal of Applied Clinical Medical Physics,37,47
Clinical Oncology,35,52
Clinical and Translational Radiation Oncology,34,58
Seminars in Nuclear Medicine,34,54
Journal of Clinical Nursing,84,123
International Journal of Nursing Studies,83,129
Nurse Education Today,80,100
Journal of Nursing Management,67,99
Journal of Advanced Nursing,64,96
Nursing Ethics,58,77
Revista Brasileira de Enfermagem,56,72
Nurse Education in Practice,55,75
International Journal of Mental Health Nursing,54,74
BMC Nursing,50,77
Scandinavian Journal of Caring Sciences,47,61
Intensive & critical care nursing,46,62
Journal of Pediatric Nursing,45,71
Journal of Nursing Scholarship,44,71
International Journal of Nursing Sciences,43,70
Perspectives in Psychiatric Care,43,64
European Journal of Cancer Care,43,62
Nursing Open,42,66
International Nursing Review,42,65
Revista Latino-Americana de Enfermagem,42,59
Nutrients,189,271
Critical Reviews in Food Science and Nutrition,124,168
Clinical Nutrition,99,129
The American Journal of Clinical Nutrition,85,108
Frontiers in Nutrition,81,107
Journal of Functional Foods,80,105
Advances in Nutrition,75,110
European Journal of Nutrition,69,94
Molecular Nutrition & Food Research,67,92
Public Health Nutrition,64,101
Nutrition,64,86
European Journal of Clinical Nutrition,63,102
The Journal of Nutritional Biochemistry,62,84
The Journal of Nutrition,61,94
Nutrition Reviews,60,95
Food Science & Nutrition,58,84
British Journal of Nutrition,55,79
Journal of the Academy of Nutrition and Dietetics,54,85
Maternal & Child Nutrition,54,72
Journal of Food Composition and Analysis,52,69
Obesity Reviews,84,122
"Diabetes, Obesity and Metabolism",82,117
Obesity,73,141
Molecular Metabolism,70,106
International Journal of Obesity,65,94
Obesity Surgery,63,83
"Eating and Weight Disorders-Studies on Anorexia, Bulimia and Obesity",52,70
"Diabetes, Metabolic Syndrome and Obesity",51,72
Current Obesity Reports,50,84
Surgery for obesity and related diseases,50,69
Pediatric Obesity,45,66
Obesity Research & Clinical Practice,34,59
"Current Opinion in Endocrinology, Diabetes and Obesity",34,44
Obesity Facts,33,57
Therapeutic Advances in Endocrinology and Metabolism,32,50
Childhood Obesity,32,46
Clinical Obesity,30,47
Journal of Obesity & Metabolic Syndrome,28,49
Metabolic Syndrome and Related Disorders,28,39
Obesity Medicine,27,51
Journal of Clinical Oncology,213,307
The Lancet Oncology,198,344
Annals of Oncology,166,274
Molecular Cancer,164,244
Cancer Cell,153,218
Clinical Cancer Research,150,208
JAMA Oncology,148,255
Cancer Discovery,135,223
Cancer Research,135,190
Nature Reviews Cancer,130,318
Cancers,124,154
Nature Reviews Clinical Oncology,123,263
Frontiers in Oncology,121,160
Journal of Hematology & Oncology,120,187
Journal for ImmunoTherapy of Cancer,111,163
Journal of Experimental & Clinical Cancer Research,108,148
Journal of Thoracic Oncology,104,157
Oncogene,102,143
Leukemia,100,143
Cancer Letters,99,144
Ophthalmology,102,171
Progress in Retinal and Eye Research,76,127
Investigative Ophthalmology & Visual Science,71,104
British Journal of Ophthalmology,69,98
JAMA Ophthalmology,66,90
American Journal of Ophthalmology,66,87
Eye,59,93
Retina,56,78
Indian Journal of Ophthalmology,53,92
Acta Ophthalmologica,52,70
Survey of Ophthalmology,52,69
Graefe's Archive for Clinical and Experimental Ophthalmology,51,74
Experimental Eye Research,48,62
Clinical Ophthalmology,48,59
The Ocular Surface,47,64
Ophthalmology Retina,47,60
Ocular Immunology and Inflammation,45,74
Cornea,45,60
Journal of Cataract & Refractive Surgery,45,60
Current Opinion in Ophthalmology,43,53
Clinical Implant Dentistry and Related Research,48,62
International Journal of Oral and Maxillofacial Surgery,47,61
Journal of Oral and Maxillofacial Surgery,41,54
Journal of Cranio-Maxillofacial Surgery,40,54
"Oral Surgery, Oral Medicine, Oral Pathology and Oral Radiology",39,59
International Journal of Oral & Maxillofacial Implants,39,55
Progress in Orthodontics,38,55
"Medicina Oral, Patologia Oral y Cirugia Bucal",38,50
British Journal of Oral and Maxillofacial Surgery,35,51
Journal of Oral Biology and Craniofacial Research,34,50
Journal of Craniofacial Surgery,34,47
Oral and Maxillofacial Surgery Clinics,32,57
Dentomaxillofacial Radiology,32,48
International Journal of Implant Dentistry,31,46
Implant Dentistry,30,37
"Journal of Stomatology, Oral and Maxillofacial Surgery",30,37
Journal of Oral and Maxillofacial Pathology,28,41
CRANIO: The Journal of Craniomandibular & Sleep Practice,28,38
The Cleft palate-craniofacial journal,27,32
European Journal of Oral Implantology,26,41
The American Journal of Sports Medicine,86,115
The Journal of Arthroplasty,81,114
The Journal of Bone & Joint Surgery,76,101
"Knee Surgery, Sports Traumatology, Arthroscopy",72,95
BMC Musculoskeletal Disorders,61,78
The Bone & Joint Journal,59,79
Spine,59,78
Journal of shoulder and elbow surgery,59,77
Arthroscopy: The Journal of Arthroscopic & Related Surgery,58,70
International Orthopaedics,57,76
The Spine Journal,57,74
European Spine Journal,55,79
JAAOS-Journal of the American Academy of Orthopaedic Surgeons,54,76
Clinical Orthopaedics and Related Research,53,74
Orthopaedic Journal of Sports Medicine,52,78
Injury,52,71
Journal of Orthopaedic Surgery and Research,51,69
Journal of Orthopaedic Research,49,63
EFORT Open Reviews,47,66
Global Spine Journal,46,56
Otolaryngology–Head and Neck Surgery,61,96
The Laryngoscope,59,78
JAMA Otolaryngology–Head & Neck Surgery,57,82
Head & Neck,56,77
European Archives of Oto-Rhino-Laryngology,52,72
International Forum of Allergy & Rhinology,46,71
Hearing Research,46,69
Ear and Hearing,45,62
Otology & Neurotology,42,57
American Journal of Otolaryngology,41,53
Otolaryngologic Clinics of North America,38,49
International Journal of Pediatric Otorhinolaryngology,36,43
Rhinology,34,64
Laryngoscope Investigative Otolaryngology,32,48
Clinical Otolaryngology,32,44
Brazilian Journal of Otorhinolaryngology,32,39
Auris Nasus Larynx,32,38
"European Annals of Otorhinolaryngology, Head and Neck Diseases",29,57
Journal of Otolaryngology-Head & Neck Surgery,29,45
The Journal of Laryngology & Otology,29,44
Pain,79,110
Journal of Headache and Pain,68,109
Journal of Pain and Symptom Management,64,93
Cephalalgia,61,83
Headache,60,86
The journal of pain,55,76
Pain Medicine,54,76
Journal of Pain Research,52,77
European Journal of Pain,50,69
Pain Physician,45,71
The Clinical Journal of Pain,43,66
Current Pain and Headache Reports,43,62
PAIN Reports,40,54
Pain research & management,37,55
Pain Practice,35,49
Molecular Pain,33,42
Pain and Therapy,31,59
Pain management nursing,31,50
Scandinavian Journal of Pain,27,39
Journal of Oral & Facial Pain & Headache,26,37
Acta Neuropathologica,94,156
Modern Pathology,70,95
Journal of Pathology,67,105
Acta Neuropathologica Communications,66,93
The American Journal of Surgical Pathology,63,85
The American Journal of Pathology,59,83
Histopathology,57,86
Archives of Pathology & Laboratory Medicine,55,94
Laboratory Investigation,52,78
Annual Review of Pathology: Mechanisms of Disease,51,110
Virchows Archiv,48,82
Brain Pathology,47,68
Human Pathology,45,55
Journal of Clinical Pathology,44,66
Neuropathology and Applied Neurobiology,41,71
American Journal of Clinical Pathology,41,65
Expert Review of Molecular Diagnostics,41,60
Pathology-Research and Practice,41,51
Journal of Oral Pathology & Medicine,40,56
Pathology,38,71
Pediatrics,125,187
JAMA Pediatrics,104,179
The Journal of Pediatrics,76,108
Frontiers in Pediatrics,73,105
Developmental Medicine & Child Neurology,58,89
Archives of Disease in Childhood,58,84
BMC Pediatrics,58,73
Pediatric Research,57,84
Archives of Disease in Childhood-Fetal and Neonatal Edition,56,76
Pediatric Diabetes,54,95
European Journal of Pediatrics,53,72
Journal of Pediatric Gastroenterology and Nutrition,51,78
Acta Paediatrica,50,70
Pediatric Nephrology,50,67
The Pediatric Infectious Disease Journal,49,74
Children,48,79
Journal of Pediatric Surgery,48,63
Pediatric Allergy and Immunology,47,64
Jornal de Pediatria (Rio J.),46,75
Italian Journal of Pediatrics,46,68
Nature Reviews Drug Discovery,135,297
Frontiers in Pharmacology,132,178
Advanced Drug Delivery Reviews,112,175
Journal of controlled release,112,147
Journal of Medicinal Chemistry,106,165
Pharmacological Research,102,142
Pharmacology & Therapeutics,98,133
International Journal of Pharmaceutics,96,131
Pharmaceutics,95,143
International Journal of Nanomedicine,93,128
Neuropsychopharmacology,92,129
British Journal of Pharmacology,90,145
Drugs,86,127
Acta Pharmaceutica Sinica B,81,128
Phytotherapy Research,78,113
Clinical Pharmacology & Therapeutics,76,108
Trends in Pharmacological Sciences,75,140
Journal of Ethnopharmacology,74,98
Medicinal Research Reviews,73,110
European Journal of Pharmacology,72,100
British Journal of Sports Medicine,123,192
Sports Medicine,114,170
The American Journal of Sports Medicine,86,115
International Journal of Behavioral Nutrition and Physical Activity,74,121
The Journal of Strength & Conditioning Research,73,90
Medicine & Science in Sports & Exercise,72,113
"Knee Surgery, Sports Traumatology, Arthroscopy",72,95
Journal of Sports Sciences,67,91
Psychology of Sport and Exercise,64,85
Scandinavian Journal of Medicine & Science in Sports,63,81
Journal of Science and Medicine in Sport,60,88
Journal of Sport and Health Science,59,84
Arthroscopy: The Journal of Arthroscopic & Related Surgery,58,70
European Journal of Sport Science,57,78
International Journal of Sports Physiology and Performance,56,81
Physical Therapy,54,89
Gait & Posture,54,75
Orthopaedic Journal of Sports Medicine,52,78
Journal of Orthopaedic & Sports Physical Therapy,52,77
Sport Management Review,51,73
Journal of Cellular Physiology,112,155
Physiological Reviews,101,180
The Journal of Physiology,72,93
Cellular Physiology and Biochemistry,69,90
American Journal of Physiology-Heart and Circulatory Physiology,62,85
American Journal of Physiology-Lung Cellular and Molecular Physiology,57,82
Journal of Applied Physiology,57,73
American Journal of Physiology-Cell Physiology,55,78
American Journal of Physiology-Endocrinology and Metabolism,54,72
Annual Review of Physiology,53,110
Journal of Neurophysiology,52,75
Acta Physiologica,50,69
American Journal of Physiology-Gastrointestinal and Liver Physiology,49,60
European Journal of Applied Physiology,48,69
American Journal of Physiology-Renal Physiology,46,65
Physiological Reports,46,56
Physiology,45,67
Pflügers Archiv-European Journal of Physiology,44,69
Comprehensive Physiology,42,86
"American Journal of Physiology-Regulatory, Integrative and Comparative Physiology",39,51
Plastic and Reconstructive Surgery,63,81
Journal of Cosmetic Dermatology,48,66
Aesthetic Surgery Journal,46,64
Plastic and Reconstructive surgery. Global Open,42,56
"Journal of Plastic, Reconstructive & Aesthetic Surgery",41,50
Aesthetic Plastic Surgery,38,48
Dermatologic Surgery,37,49
Journal of Craniofacial Surgery,34,47
Annals of Plastic Surgery,34,44
Clinics in Plastic Surgery,30,43
Ophthalmic Plastic & Reconstructive Surgery,30,43
JAMA Facial Plastic Surgery,29,40
Journal of Reconstructive Microsurgery,28,33
Facial Plastic Surgery Clinics,27,37
The Cleft palate-craniofacial journal,27,32
Microsurgery,25,38
Seminars in Plastic Surgery,25,35
Facial Plastic Surgery,23,34
Journal of cosmetic and laser therapy,23,33
Annals of Maxillofacial Surgery,22,40
BMC Pregnancy and Childbirth,79,100
The Journal of Maternal-Fetal & Neonatal Medicine,59,80
Archives of Disease in Childhood-Fetal and Neonatal Edition,56,76
Maternal & Child Nutrition,54,72
Midwifery,51,71
Women and Birth,50,76
Journal of Perinatology,46,65
Maternal and Child Health Journal,44,52
International Breastfeeding Journal,43,69
American Journal of Perinatology,42,64
Seminars in Fetal and Neonatal Medicine,41,60
Seminars in Perinatology,40,56
Journal of Perinatal Medicine,36,50
Birth,35,51
Breastfeeding medicine,35,47
Birth Defects Research,35,45
Pregnancy Hypertension,34,47
Journal of Human Lactation,33,54
Journal of Reproductive and Infant Psychology,33,48
Clinics in Perinatology,32,46
Journal of General Internal Medicine,82,122
American Family Physician,64,105
British Journal of General Practice,53,80
BMC Family Practice,49,70
The Annals of Family Medicine,45,69
BMC Primary Care,43,60
Canadian Family Physician,37,60
The Journal of the American Board of Family Medicine,35,46
Family Practice,35,45
Journal of Primary Care & Community Health,34,52
Primary Care: Clinics in Office Practice,33,59
African Journal of Primary Health Care & Family Medicine,31,46
Australian Journal of General Practice,30,44
Primary Health Care Research & Development,29,38
Scandinavian Journal of Primary Health Care,28,36
Family Medicine,27,34
Journal of Family and Community Medicine,26,59
The Journal for Nurse Practitioners,26,33
British Journal of General Practice Open,25,46
Journal of the American Association of Nurse Practitioners,25,38
Journal of Affective Disorders,131,183
Molecular Psychiatry,128,191
Psychiatry Research,124,231
The Lancet Psychiatry,121,217
Frontiers in Psychiatry,120,162
JAMA Psychiatry,116,177
Biological Psychiatry,104,152
American Journal of Psychiatry,98,161
Psychological Medicine,98,147
Neuropsychopharmacology,92,129
Clinical Psychology Review,88,124
World psychiatry,87,159
Translational Psychiatry,86,123
Journal of Child Psychology and Psychiatry,82,113
International Journal of Mental Health and Addiction,81,136
BMC Psychiatry,81,120
Schizophrenia Bulletin,75,100
Journal of Psychiatric Research,72,118
"Psychological Trauma: Theory, Research, Practice, and Policy",72,107
Asian Journal of Psychiatry,71,134
Frontiers in Psychology,169,223
Trends in Cognitive Sciences,109,187
Personality and Individual Differences,98,134
American Psychologist,94,186
Perspectives on Psychological Science,89,161
Clinical Psychology Review,88,124
Psychological Bulletin,86,168
Current Opinion in Psychology,86,126
Journal of Applied Psychology,86,118
Journal of Vocational Behavior,82,123
Journal of Personality and Social Psychology,82,120
Child Development,82,118
Journal of Child Psychology and Psychiatry,82,113
Psychological Science,78,123
Addictive Behaviors,77,102
Annual Review of Psychology,74,170
"Psychological Trauma: Theory, Research, Practice, and Policy",72,107
Educational Psychology Review,71,116
"Trauma, Violence, & Abuse",71,109
Current Directions in Psychological Science,70,107
International Journal of Environmental Research and Public Health,201,280
BMC Public Health,124,174
The Lancet Public Health,100,199
American Journal of Public Health,95,151
American Journal of Preventive Medicine,78,117
International Journal of Behavioral Nutrition and Physical Activity,74,121
Preventive Medicine,74,102
AIDS and behavior,66,89
Annual Reviews of Public Health,65,134
Tobacco Control,64,101
Public Health,64,91
Bulletin of the World Health Organization,63,106
Nicotine and Tobacco Research,63,84
JMIR Public Health and Surveillance,62,131
Journal of Global Health,60,101
International Journal for Equity in Health,60,79
European Journal of Public Health,59,85
Health & Place,57,81
Journal of Public Health (UK Faculty of Public Health),55,81
SSM-Population Health,54,77
The Lancet Respiratory Medicine,154,257
European Respiratory Journal,135,218
American Journal of Respiratory and Critical Care Medicine,131,205
Journal of Thoracic Oncology,104,157
Chest,100,149
Thorax,74,127
Respiratory Research,73,99
Annals of the American Thoracic Society,65,92
Lung Cancer,65,92
Journal of Thoracic Disease,64,78
European Respiratory Review,59,91
BMC Pulmonary Medicine,54,74
Respiratory Medicine,53,74
American Journal of Respiratory Cell and Molecular Biology,53,73
Respirology,51,69
International Journal of Chronic Obstructive Pulmonary Disease,49,68
Translational Lung Cancer Research,48,70
Journal of Cystic Fibrosis,47,63
Clinical Lung Cancer,46,61
Pediatric Pulmonology,45,66
Radiology,141,229
IEEE Transactions on Medical Imaging,127,216
European Radiology,98,138
JACC: Cardiovascular Imaging,91,132
Medical Image Computing and Computer Assisted Intervention,89,131
Medical Physics,80,122
Magnetic Resonance in Medicine,74,98
Physics in Medicine & Biology,71,102
Journal of Magnetic Resonance Imaging,70,101
American Journal of Roentgenology,67,91
Endoscopy,65,91
RadioGraphics,62,90
European Heart Journal-Cardiovascular Imaging,61,99
American Journal of Neuroradiology,60,82
IEEE International Symposium on Biomedical Imaging: From Nano to Macro,59,87
European Journal of Radiology,59,85
Journal of the American College of Radiology,58,89
Academic Radiology,57,83
The British Journal of Radiology,57,78
Journal of the American Society of Echocardiography,54,75
IEEE Transactions on Neural Systems and Rehabilitation Engineering,66,91
Archives of Physical Medicine and Rehabilitation,61,94
Disability and Rehabilitation,59,71
Journal of NeuroEngineering and Rehabilitation,57,82
Clinical Rehabilitation,48,65
European Journal of Physical and Rehabilitation Medicine,45,76
Annals of Physical and Rehabilitation Medicine,44,68
American Journal of Physical Medicine & Rehabilitation,41,61
Disability and Rehabilitation: Assistive Technology,40,64
PM&R,40,61
Neuropsychological Rehabilitation,40,55
Neurorehabilitation and Neural Repair,40,55
Journal of rehabilitation medicine,39,58
Brain Injury,39,48
Spinal Cord,35,47
Journal of Head Trauma Rehabilitation,34,44
Journal of Back and Musculoskeletal Rehabilitation,31,41
The Journal of Spinal Cord Medicine,31,40
Topics in Stroke Rehabilitation,31,39
NeuroRehabilitation,30,45
Fertility and Sterility,84,119
Human Reproduction,75,104
Human Reproduction Update,68,127
Reproductive Health,60,82
Reproductive Biology and Endocrinology,54,84
Reproductive BioMedicine Online,53,79
Journal of Assisted Reproduction and Genetics,52,68
Journal of Sexual Medicine,50,76
Biology of Reproduction,50,71
Andrologia,47,67
Andrology,47,63
Reproduction,47,63
American Journal of Reproductive Immunology,43,61
Sexual Medicine Reviews,42,65
Contraception,41,55
Human Reproduction Open,38,67
The World Journal of Men's Health,36,55
Journal of Reproductive Immunology,33,45
Reproductive Medicine and Biology,32,48
Molecular Human Reproduction,32,44
Annals of the Rheumatic Diseases,129,203
Nature Reviews Rheumatology,94,135
Arthritis & Rheumatology,93,142
Autoimmunity Reviews,83,113
Rheumatology,80,108
Osteoarthritis and Cartilage,63,94
The Lancet Rheumatology,61,108
Arthritis Care & Research,60,87
Arthritis Research & Therapy,59,79
Seminars in Arthritis and Rheumatism,57,84
Clinical Rheumatology,56,75
Clinical and Experimental Rheumatology,53,70
RMD Open,52,72
Rheumatology International,51,68
The Journal of Rheumatology,48,68
Current Opinion in Rheumatology,46,67
Current Rheumatology Reports,43,73
International Journal of Rheumatic Diseases,42,60
Best Practice & Research Clinical Rheumatology,40,65
Joint Bone Spine,40,64
Personality and Individual Differences,98,134
Journal of Personality and Social Psychology,82,120
Social Psychological and Personality Science,62,102
"Cyberpsychology, Behavior, and Social Networking",62,99
Personality and Social Psychology Bulletin,60,84
Journal of Personality,57,86
Journal of Experimental Social Psychology,53,79
European Journal of Social Psychology,48,71
Journal of Social and Personal Relationships,47,69
British Journal of Social Psychology,45,64
Group Processes & Intergroup Relations,44,66
Journal of Research in Personality,44,59
European Journal of Personality,41,75
Social and Personality Psychology Compass,41,60
Social Behavior and Personality: An International Journal,41,56
Self and Identity,35,55
Psychology of Popular Media,33,50
The Journal of Social Psychology,32,57
Journal of Applied Social Psychology,32,41
Small Group Research,28,46
Annals of Surgery,123,186
JAMA Surgery,96,133
British Journal of Surgery,77,114
Journal of Vascular Surgery,74,99
Surgical Endoscopy,73,92
Annals of Surgical Oncology,71,99
Obesity Surgery,63,83
International Journal of Surgery,61,97
Journal of the American College of Surgeons,59,87
Journal of Trauma and Acute Care Surgery,57,68
European Journal of Surgical Oncology,56,72
Surgery,56,72
World Journal of Surgery,52,76
European journal of vascular and endovascular surgery,51,77
Journal of Surgical Education,51,69
World Journal of Emergency Surgery,50,77
Surgery for obesity and related diseases,50,69
Digestive Endoscopy,49,72
Journal of Gastrointestinal Surgery,48,59
Journal of Surgical Oncology,48,58
Environmental Research,117,175
Ecotoxicology and Environmental Safety,113,162
Food and Chemical Toxicology,87,108
Environmental Health Perspectives,76,104
Toxins,75,103
Archives of Toxicology,59,88
Chemico-Biological Interactions,59,81
Annual Review of Pharmacology and Toxicology,56,108
Toxicology Reports,54,79
Toxicological Sciences,54,72
Aquatic Toxicology,53,77
Toxicology and Applied Pharmacology,50,63
Environmental Toxicology and Pharmacology,49,76
Particle and Fibre Toxicology,49,67
Toxicology Letters,49,67
Carcinogenesis,49,60
Regulatory Toxicology and Pharmacology,47,72
Toxicon,44,62
Chemical Research in Toxicology,43,68
Toxicology in Vitro,43,57
American Journal of Transplantation,103,149
The Journal of Heart and Lung Transplantation,66,98
Transplantation,66,85
Biology of Blood and Marrow Transplantation,58,80
Bone Marrow Transplantation,52,87
Liver Transplantation,51,64
Cell Transplantation,45,71
Clinical Transplantation,42,61
Transplant International,39,57
Transplant Infectious Disease,34,44
Xenotransplantation,31,39
Current Opinion in Organ Transplantation,28,37
Transplantation Proceedings,27,34
Transplantation Direct,27,33
Transplantation Reviews,26,37
Pediatric Transplantation,26,34
Transplantation and Cellular Therapy,23,28
Experimental and clinical transplantation,20,27
Annals of Transplantation,20,24
Current Transplantation Reports,19,33
BMJ Global Health,90,138
PLOS Neglected Tropical Diseases,81,108
American Journal of Tropical Medicine and Hygiene,70,98
Travel Medicine and Infectious Disease,69,135
Journal of Travel Medicine,64,101
Parasites & Vectors,64,82
Trends in Parasitology,58,82
Infectious Diseases of Poverty,55,85
Malaria Journal,55,67
Acta Tropica,50,68
Tropical Medicine and Infectious Disease,44,69
Ticks and Tick-borne Diseases,43,58
Veterinary Parasitology,40,48
One Health,39,65
Tropical Medicine & International Health,39,55
Parasitology,39,50
International Journal for Parasitology,38,54
Parasitology Research,37,47
Tropical Medicine and Health,32,56
Memórias do Instituto Oswaldo Cruz,32,47
European Urology,118,182
Kidney International,104,161
Journal of the American Society of Nephrology,101,144
Nature Reviews Nephrology,99,165
American Journal of Kidney Diseases,83,116
The Journal of Urology,80,120
Clinical Journal of the American Society of Nephrology,77,103
Nephrology Dialysis Transplantation,75,105
BJU International,65,80
Nature Reviews Urology,60,95
Kidney International Reports,57,78
European Urology Focus,55,77
World Journal of Urology,52,76
European Urology Oncology,52,68
Pediatric Nephrology,50,67
Journal of Nephrology,49,73
BMC Nephrology,49,70
Clinical Kidney Journal,47,79
Urology,47,62
American Journal of Physiology-Renal Physiology,46,65
Journal of the American Heart Association,102,135
Stroke,101,145
Hypertension,93,128
"Arteriosclerosis, Thrombosis, and Vascular Biology",83,126
Cardiovascular Diabetology,81,117
Journal of Vascular Surgery,74,99
Journal of NeuroInterventional Surgery,69,91
Atherosclerosis,66,89
Journal of cerebral blood flow and metabolism,63,89
International Journal of Stroke,59,93
Journal of Hypertension,59,75
"Nutrition, Metabolism and Cardiovascular Diseases",53,80
European journal of vascular and endovascular surgery,51,77
Journal of stroke and cerebrovascular diseases,50,75
Current Hypertension Reports,48,63
The Journal of Clinical Hypertension,47,62
Translational Stroke Research,45,64
Journal of Vascular Surgery: Venous and Lymphatic Disorders,43,75
Journal of Clinical Lipidology,42,59
Current Atherosclerosis Reports,42,57
Animals,74,96
Frontiers in Veterinary Science,71,95
Transboundary and Emerging Diseases,65,90
Journal of Veterinary Internal Medicine,50,75
BMC Veterinary Research,47,62
Veterinary Microbiology,46,57
Asian-Australasian Journal of Animal Sciences,45,60
Theriogenology,44,56
Ticks and Tick-borne Diseases,43,58
Animal Nutrition,42,76
Research in Veterinary Science,42,62
Veterinary World,41,57
Preventive Veterinary Medicine,41,53
Applied Animal Behaviour Science,40,53
Veterinary Parasitology,40,48
Annual Review of Animal Biosciences,37,65
Tropical Animal Health and Production,37,42
The Veterinary Journal,36,55
Veterinary Research,35,49
Veterinary Clinics: Food Animal Practice,34,57
Journal of Medical Virology,143,293
Viruses,106,159
Vaccine,98,143
PLOS Pathogens,96,126
Vaccines,92,122
Emerging Microbes & Infections,91,186
Journal of Virology,87,117
Journal of Clinical Virology,74,139
Human Vaccines & Immunotherapeutics,72,112
Antiviral Research,65,123
Transboundary and Emerging Diseases,65,90
Reviews in Medical Virology,58,85
Virus Research,57,103
Current Opinion in Virology,52,67
Virology,50,74
Virology Journal,49,83
Expert Review of Vaccines,49,80
NPJ Vaccines,47,91
Journal of General Virology,47,76
Archives of Virology,46,79
Development Southern Africa,30,39
African Affairs,29,43
African Development Review,26,38
Journal of Eastern African Studies,25,39
Journal of Asian and African Studies,24,33
Journal of African Economies,21,42
African Studies Review,20,32
Review of African Political Economy,20,27
Urban Forum,19,27
African Geographical Review,18,27
Journal of Southern African Studies,17,24
Journal of Contemporary African Studies,17,22
The Journal of Modern African Studies,17,22
African Studies,17,21
Africa,17,20
Politikon,16,23
Journal of African Cultural Studies,16,21
South African Journal of International Affairs,16,18
African Identities,15,23
Critical African Studies,14,24
American Literature,10,13
Journal of American Studies,10,12
American Literary History,10,11
Journal of the Early Republic,8,12
MFS Modern Fiction Studies,8,9
"Arizona Quarterly: A Journal of American Literature, Culture, and Theory",7,16
European Journal of American Studies,7,10
African American Review,7,9
Canadian Review of American Studies,7,9
Early American Literature,7,9
MELUS: Multi-Ethnic Literature of the United States,7,9
Studies in American Humor,6,12
The Journal of American Culture,6,12
Early American Studies: An Interdisciplinary Journal,6,9
Studies in American Indian Literatures,6,9
Texas Studies in Literature and Language,6,8
Western American Literature,5,9
Leviathan,5,8
The New England Quarterly,5,8
American Studies,4,10
Journal of Contemporary China,41,67
Eurasian Geography and Economics,33,44
The China Quarterly,30,56
Journal of Contemporary Asia,30,41
The Pacific Review,29,40
The Singapore Economic Review,27,44
The Chinese Journal of International Politics,26,46
Journal of Asian Economics,26,38
Asia & the Pacific Policy Studies,25,44
Journal of Chinese Political Science,25,40
Asia Pacific Business Review,25,38
Journal of Asian and African Studies,24,33
Asian Economic Policy Review,22,36
Asian Studies Review,22,35
Critical Asian Studies,22,34
Bulletin of Indonesian Economic Studies,21,44
Journal of the Asia Pacific Economy,21,35
Central Asian Survey,21,29
Journal of Current Southeast Asian Affairs,20,37
Contemporary South Asia,20,34
Canadian Journal of Political Science/Revue Canadienne de Science Politique,25,44
The Canadian Geographer,24,33
Canadian Public Policy,20,45
Canadian Review of Sociology,19,59
Canadian Ethnic Studies,16,41
Canadian Public Administration,15,18
The School of Public Policy Publications,14,22
Canadian Journal of Law and Society/La Revue Canadienne Droit et Société,12,16
Canadian Foreign Policy Journal,11,24
Canadian Historical Review,10,12
American Review of Canadian Studies,9,12
Journal of Canadian Studies,9,11
BC Studies,8,15
University of Toronto Quarterly,8,12
TOPIA: Canadian Journal of Cultural Studies,7,12
Canadian Theatre Review,7,9
Canadian Literature,5,9
Acadiensis,5,7
Historical Studies in Education/Revue d'histoire de l'éducation,5,6
Theatre Research in Canada,5,6
China Economic Review,61,74
Journal of Contemporary China,41,67
China Agricultural Economic Review,32,50
The China Quarterly,30,56
Chinese Management Studies,28,40
The Chinese Journal of International Politics,26,46
Journal of Chinese Political Science,25,40
China & World Economy,24,33
Chinese Sociological Review,22,32
Journal of Chinese Governance,22,28
Chinese Journal of Communication,21,36
China Economic Journal,20,35
Chinese Political Science Review,20,29
China Quarterly of International Strategic Studies,19,30
Global Media and China,19,28
China Journal,19,27
Economic and Political Studies,18,33
Journal of Chinese Economic and Business Studies,18,29
The Chinese Economy,17,24
China Information,16,25
New Media & Society,103,169
Social Media+ Society,75,113
Digital Journalism,64,110
Journalism Studies,60,79
Journalism,58,77
Public Relations Review,53,81
"Media, Culture & Society",51,81
International Journal of Communication,51,65
Communication Research,50,79
International Journal of Advertising,49,91
Political Communication,48,90
Journal of Communication,48,85
Journal of Advertising,45,80
Journalism Practice,44,62
Media and Communication,43,61
The International Journal of Press/Politics,41,88
Journal of Marketing Communications,41,72
Journalism & Mass Communication Quarterly,39,66
Journal of Pragmatics,39,56
Television & New Media,38,56
Research in Dance Education,16,25
Journal of dance medicine & science,15,23
Research in Drama Education: The Journal of Applied Theatre and Performance,15,21
Journal of Dance Education,12,19
Drama Therapy Review,12,14
International Journal of Performance Arts and Digital Media,12,14
Text and Performance Quarterly,11,15
TDR/The Drama Review,10,16
Dance Research Journal,10,15
Performance Research,10,11
"Theatre, Dance and Performance Training",9,17
Voice and Speech Review,9,17
Harmonia: Journal of Arts Research and Education,9,13
Comedy Studies,8,12
Contemporary Theatre Review,8,11
Shakespeare Bulletin,8,11
Journal of Contemporary Drama in English,8,10
"Scenario: A Journal for Performative Teaching, Learning, Research",8,10
Theatre Topics,7,12
Theatre Journal,7,11
English for Specific Purposes,32,55
World Englishes,25,37
Asian Englishes,20,35
English Today,18,39
English Language & Linguistics,16,22
English in Education,15,25
English Education,14,25
Changing English,13,21
English Journal,13,17
Literature Compass,12,19
College English,12,15
European Journal of English Studies,11,15
English Literary History,10,14
English Studies,10,12
Studies in the Novel,9,23
English Teaching Forum,9,18
English in Australia,9,18
Nordic Journal of English Studies,9,14
Victorian Literature and Culture,9,14
Composition Studies,9,13
Synthese,54,76
The British Journal for the Philosophy of Science,39,56
Noûs,39,54
Philosophy of Science,27,36
Erkenntnis,25,34
Studies in History and Philosophy of Science Part B: Studies in History and Philosophy of Modern Physics,24,32
Philosopher's Imprint,23,36
Studies in History and Philosophy of Science Part A,23,36
European Journal for Philosophy of Science,22,35
Journal of Philosophical Logic,22,33
Journal of Philosophy,19,31
Pacific Philosophical Quarterly,19,28
Foundations of Science,19,26
Royal Institute of Philosophy Supplements,18,31
The Review of Symbolic Logic,18,27
History and Philosophy of the Life Sciences,18,24
The Monist,18,23
Journal for General Philosophy of Science,15,20
Studies in History and Philosophy of Science Part C: Studies in History and Philosophy of Biological and Biomedical Sciences,14,19
Philosophia,14,18
Journal of Ethnic and Migration Studies,70,100
Race Ethnicity and Education,49,74
Ethnic and Racial Studies,49,68
Comparative Migration Studies,37,57
European Journal of Cultural Studies,36,56
Sociology of Race and Ethnicity,33,55
Ethnicities,30,43
Journal of Immigrant & Refugee Studies,27,62
International Journal of Cultural Studies,27,50
International Journal of Cultural Policy,27,35
Nations and Nationalism,26,47
Identities,25,39
Ethnopolitics,24,35
Cultural Studies,23,36
Journal of Black Studies,22,46
Patterns of Prejudice,22,38
Race & Class,21,48
Social Identities,21,41
Nationalities Papers,21,32
Central Asian Survey,21,29
Feminist Media Studies,42,79
Psychology of Women Quarterly,38,72
Women's Studies International Forum,33,56
Feminism & Psychology,29,46
Signs,27,48
Feminist Criminology,27,42
International Feminist Journal of Politics,27,41
Journal of International Women's Studies,22,29
Hypatia,21,35
European Journal of Women's Studies,21,32
Feminist Review,21,29
Women's Studies in Communication,19,30
Feminist Theory,19,25
NORA-Nordic Journal of Feminist and Gender Research,18,25
Journal of Lesbian Studies,17,29
Feminist Legal Studies,17,25
Australian Feminist Studies,15,20
Feminist Studies,14,22
Asian Journal of Women's Studies,13,23
Feminist Formations,13,21
Critical Studies in Television,17,24
JCMS: Journal of Cinema and Media Studies,13,18
Feminist Media Histories,12,19
Film Quarterly,11,15
Studies in European Cinema,11,13
Quarterly Review of Film and Video,10,13
Science Fiction Film and Television,10,12
Studies in Documentary Film,9,22
Adaptation,9,14
The Velvet Light Trap,9,13
New Review of Film and Television Studies,9,12
Cineforum,8,10
Journal of Popular Film and Television,8,10
Projections,8,9
Journal of Screenwriting,7,20
Film Criticism,7,11
Journal of British Cinema and Television,7,11
Film-Philosophy,7,10
Alphaville: Journal of Film and Screen Media,7,8
BioScope: South Asian Screen Studies,7,8
Computer Assisted Language Learning,64,97
International Journal of Bilingual Education and Bilingualism,52,87
Language Teaching Research,52,78
TESOL Quarterly,47,70
Studies in Second Language Acquisition,45,63
Bilingualism: Language and Cognition,42,68
Language Learning,42,61
English Language Teaching,42,58
Language Teaching,41,92
Journal of Second Language Writing,41,58
Foreign Language Annals,39,65
Journal of English for Academic Purposes,39,56
Journal of Multilingual and Multicultural Development,38,54
The Language Learning Journal,37,48
English Language Teaching Journal,34,55
Innovation in Language Learning and Teaching,34,46
RELC Journal,33,55
International Journal of Bilingualism,33,48
Studies in Second Language Learning and Teaching,32,56
International Journal of Multilingualism,31,46
French Politics,12,19
Journal of French Language Studies,11,16
Modern & Contemporary France,8,14
French Historical Studies,8,10
French Cultural Studies,6,12
Australian Journal of French Studies,6,9
French Studies,6,9
Pour,6,8
"French Politics, Culture & Society",5,8
L'Esprit Créateur,5,8
Contemporary French and Francophone Studies,5,7
French History,5,6
Dix-Neuf,5,5
"French Review, Champaign",4,9
The French Review,4,9
Anthropen,4,7
Contemporary French Civilization,4,6
Nineteenth-Century French Studies,4,4
Cahiers Jaurès,3,5
Revue d'histoire littéraire de la France,3,5
Sex Roles,61,82
"Gender, Work & Organization",53,78
Feminist Media Studies,42,79
Gender & Society,39,59
Psychology of Men & Masculinities,39,58
Psychology of Sexual Orientation and Gender Diversity,39,55
Psychology of Women Quarterly,38,72
Gender and Education,37,58
Journal of Gender Studies,36,57
Women's Studies International Forum,33,56
Gender in Management: An International Journal,33,46
"Gender, Place & Culture",32,43
"Equality, Diversity and Inclusion: An International Journal",32,41
Sexuality & Culture,31,42
Men and Masculinities,30,48
Politics & Gender,29,48
International Journal of Gender and Entrepreneurship,28,51
International Feminist Journal of Politics,27,41
"Social Politics: International Studies in Gender, State & Society",26,42
International Journal of Transgender Health,25,41
The Journal of Economic History,35,49
The Economic History Review,28,44
Business History,24,34
Past & Present,23,42
The American Historical Review,20,29
Journal of Global History,17,28
Comparative Studies in Society and History,17,24
The History of the Family,17,21
Journal of Urban History,16,23
The Historical Journal,16,20
Journal of Historical Geography,15,24
Modern Italy,14,25
History and Theory,14,23
Business History Review,14,20
Law and History Review,14,18
Enterprise & Society,14,17
Modern Intellectual History,14,17
The International History Review,14,17
Journal of Interdisciplinary History,13,21
Medical History,13,20
The Modern Language Journal,45,77
Games and Culture,39,55
Consumption Markets & Culture,28,41
Journal of Cultural Economy,28,39
Journal of Specialised Translation,27,41
Poetics,27,39
Perspectives,27,34
"Emotion, Space and Society",27,33
Language in Society,26,43
Social Semiotics,26,38
Language Policy,25,42
Digital Scholarship in the Humanities,25,31
South Atlantic Quarterly,24,35
Cogent Arts & Humanities,24,31
Scientific reports of Bukhara State University,23,33
XLinguae,23,32
Memory Studies,23,30
Journal of Sociolinguistics,23,29
Continuum,23,28
Multilingua,22,38
Studies in Second Language Acquisition,45,63
Applied Linguistics,43,71
Language Learning,42,61
Journal of Memory and Language,38,52
"Language, Cognition and Neuroscience",35,51
Glossa: A Journal of General Linguistics,35,44
Journal of Phonetics,34,48
International Journal of Bilingualism,33,48
Studies in Second Language Learning and Teaching,32,56
International Journal of Multilingualism,31,46
Language,30,52
Journal of Language and Linguistic Studies,30,47
Linguistic Inquiry,29,48
Natural Language & Linguistic Theory,29,48
Annual Reviews of Linguistics,28,51
Journal of Child Language,27,37
Second Language Research,26,49
Applied Psycholinguistics,26,42
Language & Communication,26,35
Journal of Neurolinguistics,25,39
Latin American Perspectives,23,43
Latin American Research Review,22,32
Latin American Politics and Society,20,30
European Review of Latin American and Caribbean Studies,18,26
European Review of Latin American and Caribbean Studies/Revista Europea de Estudios Latinoamericanos y del Caribe,18,26
Bulletin of Latin American Research,18,25
Revista Brasileira de Política Internacional,18,24
Journal of Latin American Geography,17,25
Journal of Latin American Studies,16,21
Latin American Antiquity,16,21
The Journal of Latin American and Caribbean Anthropology,15,18
NACLA Report on the Americas,14,19
Ancient Mesoamerica,14,15
Latino Studies,13,20
Latin American and Caribbean Ethnic Studies,12,20
Migraciones Internacionales,12,17
Revista de Filología Hispánica. Navarra,11,19
Centro Journal,11,17
CEPAL Review,10,30
Anuario Colombiano de Historia Social y de la Cultura,10,15
Children's Literature in Education,14,20
Journal of Postcolonial Writing,14,20
Poetics Today,14,16
Critique: Studies in Contemporary Fiction,13,20
Literature Compass,12,19
Narrative,12,18
Textual Practice,12,15
New Literary History,11,19
Style,10,17
English Literary History,10,14
Studies in the Novel,9,23
Journal of World Literature,9,15
The Midwest Quarterly,9,14
Victorian Literature and Culture,9,14
SubStance,9,12
boundary 2,8,14
Journal of Modern Literature,8,12
Orbis Litterarum,8,12
College Literature,8,11
Comparative Literature Studies,8,11
Turkish Studies,23,36
British Journal of Middle Eastern Studies,20,27
The Light of Islam,19,29
Middle East Critique,17,33
Insight Turkey,17,25
The Journal of North African Studies,17,22
Counter Terrorist Trends and Analyses,15,22
Middle Eastern Studies,15,20
Journal of Muslim Minority Affairs,14,21
The Middle East Journal,14,20
Studia Islamika,14,19
Contemporary Islam,13,21
International Journal of Islamic Thought,13,20
New Perspectives on Turkey,13,18
Al-Shajarah: Journal of the International Institute of Islamic Thought and Civilization (ISTAC),13,17
Middle East Policy,13,16
International Journal of Middle East Studies,12,17
Bulletin of the American Schools of Oriental Research,12,16
Intellectual Discourse,12,16
Levant,12,15
International Society for Music Information Retrieval Conference,43,57
Psychology of Music,35,49
Music Education Research,27,34
Musicae Scientiae,25,32
Journal of Research in Music Education,24,37
International Journal of Music Education,24,31
Journal of Music Therapy,23,33
Music & Science,22,39
Music Perception: An Interdisciplinary Journal,21,33
Research Studies in Music Education,20,30
Journal of New Music Research,20,29
Nordic Journal of Music Therapy,20,28
Music Therapy Perspectives,19,28
Journal of Music Teacher Education,18,24
Music Educators Journal,18,23
Medical Problems of Performing Artists,18,22
Update: Applications of Research in Music Education,17,24
New Interfaces for Musical Expression (NIME),17,23
British Journal of Music Education,15,22
General Music Today,15,21
Synthese,54,76
Noûs,39,54
Philosophical Studies,36,55
Philosophy and Phenomenological Research,34,47
Topoi,31,47
Phenomenology and the Cognitive Sciences,31,44
Philosophy Compass,31,44
Mind,30,51
Mind & Language,26,43
Review of Philosophy and Psychology,25,40
Erkenntnis,25,34
Inquiry: An Interdisciplinary Journal of Philosophy,24,36
Philosophical Psychology,24,35
Studies in Philosophy and Education,23,38
Philosopher's Imprint,23,36
Journal of Applied Philosophy,23,35
Australasian Journal of Philosophy,23,33
Journal of Philosophical Logic,22,33
Linguistics and Philosophy,22,33
Ethical Theory and Moral Practice,22,31
Religions,38,53
Psychology of Religion and Spirituality,34,42
"Religion, Brain & Behavior",26,41
"Mental Health, Religion & Culture",25,37
Hervormde Teologiese Studies,25,34
Journal for the Scientific Study of Religion,25,33
British Journal of Religious Education,22,33
Sociology of Religion,21,34
Journal of Beliefs & Values,21,27
Pastoral Psychology,20,30
"Religion, State & Society",20,27
The International Journal for the Psychology of Religion,19,28
Politics and Religion,19,27
The Review of Faith & International Affairs,18,35
Social Compass,18,26
Religion,17,30
Verbum et Ecclesia,17,22
Review of Religious Research,16,22
"Politics, Religion & Ideology",15,34
European Journal of Science and Theology,15,27
Archives of Sexual Behavior,61,81
The Journal of Sex Research,55,78
Journal of Homosexuality,50,75
Sexual Medicine Reviews,42,65
LGBT Health,40,53
Psychology of Sexual Orientation and Gender Diversity,39,55
"Culture, Health & Sexuality",38,52
Sex Education,37,50
Sexualities,37,46
Journal of Sex & Marital Therapy,37,44
Sexual Abuse,36,55
Sexuality Research and Social Policy,33,61
Sexuality & Culture,31,42
Transgender Health,29,51
Sexual Health,28,39
Psychology & Sexuality,26,39
Journal of LGBT Youth,25,42
Sexuality and Disability,23,32
Current Sexual Health Reports,21,38
Perspectives on Sexual and Reproductive Health,21,33
International Journal of Art & Design Education,21,29
Art Education,18,23
The Journal of Aesthetics and Art Criticism,16,22
Studies in Art Education,14,28
Design and Culture,14,23
Museum International,14,22
The Senses and Society,14,20
Leonardo,14,19
Digital Creativity,13,19
Third Text,12,16
Artnodes,11,14
Art History,10,15
Journal of Visual Culture,9,23
International Journal of Education Through Art,9,15
ICOFOM Study Series,9,11
ASAP/Journal,8,14
Journal of Visual Art Practice,8,11
October,7,16
Grey Room,7,14
International Conference on Digital and Interactive Arts,7,12
Computers and Electronics in Agriculture,110,169
Industrial Crops and Products,93,121
Plant Biotechnology Journal,93,121
Agronomy,88,114
"Agriculture, Ecosystems & Environment",79,120
Scientia Horticulturae,76,99
Soil and Tillage Research,75,98
Agricultural Water Management,74,89
Field Crops Research,69,94
Theoretical and Applied Genetics,65,85
Agriculture,64,79
Horticulture Research,63,86
Plant and Soil,63,86
Journal of the Saudi Society of Agricultural Sciences,54,91
Journal of Integrative Agriculture,54,75
European Journal of Agronomy,53,72
Precision Agriculture,52,83
Agronomy for Sustainable Development,51,77
Plant Cell Reports,50,79
Phytopathology,49,70
Hormones and Behavior,43,59
Animal Behaviour,40,54
Applied Animal Behaviour Science,40,53
Behavioral Ecology and Sociobiology,38,61
Behavioral Ecology,33,46
American Journal of Primatology,31,41
Behavioural Processes,30,41
Animal Cognition,30,40
Journal of Veterinary Behavior,27,39
Journal of the Experimental Analysis of Behavior,26,38
International Journal of Primatology,24,35
Learning & Behavior,21,31
Journal of Applied Animal Welfare Science,20,26
Ethology,20,25
Journal of Comparative Psychology,20,25
Insectes Sociaux,19,26
Journal of Experimental Psychology: Animal Learning and Cognition,18,22
Behaviour,17,25
Animal Behavior and Cognition,17,23
Sociobiology,16,18
Journal of Dairy Science,84,113
Poultry Science,69,83
Animal,57,81
Journal of Animal Science and Biotechnology,50,69
Journal of Animal Science,49,60
Animal Feed Science and Technology,46,64
Asian-Australasian Journal of Animal Sciences,45,60
Theriogenology,44,56
Animal Nutrition,42,76
Genetics Selection Evolution,40,57
Journal of Animal Physiology and Animal Nutrition,40,54
Applied Animal Behaviour Science,40,53
Livestock Science,38,47
Tropical Animal Health and Production,37,42
Italian Journal of Animal Science,35,50
Veterinary Clinics: Food Animal Practice,34,57
Journal of Applied Animal Research,33,45
Animal Reproduction Science,32,38
"Reproduction, Fertility and Development",32,38
World's Poultry Science Journal,31,47
Environmental Research Letters,117,184
Atmospheric Chemistry & Physics,96,125
Agricultural and Forest Meteorology,79,106
Earth System Science Data,78,145
Geoscientific Model Development,76,119
Journal of Climate,76,97
Atmospheric Environment,75,102
Bulletin of the American Meteorological Society,73,119
Climatic Change,73,102
Climate Dynamics,72,94
Journal of Advances in Modeling Earth Systems,69,136
Atmospheric Research,69,81
The Cryosphere,65,91
International Journal of Climatology,64,85
Atmospheric Measurement Techniques,63,84
Theoretical and Applied Climatology,63,83
Atmosphere,63,78
Urban Climate,62,91
Global and Planetary Change,52,72
Quarterly Journal of the Royal Meteorological Society,49,64
Nucleic Acids Research,238,539
Molecular Cell,149,206
Journal of Biological Chemistry,106,151
Redox Biology,106,149
Antioxidants,105,140
Nature Chemical Biology,100,159
Biomolecules,99,143
The EMBO Journal,98,161
Nature Structural & Molecular Biology,98,140
Free Radical Biology and Medicine,93,139
Biochemical and Biophysical Research Communications,89,119
Journal of Biomolecular Structure and Dynamics,77,128
Journal of Cellular Biochemistry,75,94
FEBS Journal,73,115
Antioxidants & Redox Signaling,72,112
Matrix Biology,70,119
Trends in Biochemical Sciences,70,105
Bioorganic Chemistry,70,98
Protein Science,66,124
Annual Review of Biochemistry,65,131
Ecological Indicators,104,132
Biological Conservation,88,129
Journal of Applied Ecology,72,99
Conservation Biology,69,91
Conservation Letters,66,92
Global Ecology and Biogeography,66,86
Ecography,63,91
Global Ecology and Conservation,60,88
Ecological Applications,56,74
Diversity and Distributions,54,73
Ecosphere,53,75
Landscape Ecology,53,65
Journal of Biogeography,48,69
Restoration Ecology,48,60
Biodiversity and Conservation,47,68
Biological Invasions,43,64
Environmental DNA,39,61
Aquatic Conservation: Marine and Freshwater Ecosystems,39,51
Diversity,38,47
Animal Conservation,35,48
Bioinformatics,148,233
Briefings in Bioinformatics,102,137
PLOS Computational Biology,92,125
BMC Bioinformatics,80,107
GigaScience,70,123
IEEE/ACM Transactions on Computational Biology and Bioinformatics,56,83
Journal of Cheminformatics,53,107
Journal of Theoretical Biology,53,78
"Genomics, Proteomics & Bioinformatics",49,95
Database,43,71
Mathematical Biosciences and Engineering,43,60
Computational Biology and Chemistry,39,52
Journal of Mathematical Biology,35,45
Mathematical Biosciences,34,61
IEEE International Conference on Bioinformatics and Biomedicine,33,46
BMC Systems Biology,33,42
Current Opinion in Systems Biology,30,53
Current Bioinformatics,29,50
NAR Genomics and Bioinformatics,29,46
Molecular Informatics,29,41
Journal of Biomolecular Structure and Dynamics,77,128
Journal of Photochemistry and Photobiology B: Biology,76,119
Biophysical Journal,69,96
Current Opinion in Structural Biology,66,84
Structure,50,69
Journal of Biomechanics,50,66
Biochimica et Biophysica Acta (BBA)-Biomembranes,48,72
Photochemical & Photobiological Sciences,48,72
Biophysical Reviews,47,76
Journal of Biophotonics,46,54
Annual Review of Biophysics,45,89
Photochemistry and Photobiology,40,59
Biochimica et Biophysica Acta (BBA)-Bioenergetics,39,52
Progress in Biophysics and Molecular Biology,37,52
Photosynthesis Research,36,44
Journal of Structural Biology,35,56
Chemistry and Physics of Lipids,33,49
Biophysical Chemistry,27,43
European Biophysics Journal with Biophysics Letters,27,42
"Photodermatology, Photoimmunology & Photomedicine",27,38
Nature Biotechnology,185,332
Bioresource Technology,161,207
Biotechnology Advances,102,158
Trends in Biotechnology,95,150
Applied Microbiology and Biotechnology,92,126
Current Opinion in Biotechnology,85,125
Metabolic Engineering,74,97
Biotechnology for Biofuels,70,89
Biomass and Bioenergy,67,88
Algal Research,66,86
Critical Reviews in Biotechnology,65,91
Biocatalysis and Agricultural Biotechnology,63,87
ACS Synthetic Biology,62,83
Microbial Cell Factories,62,82
Biotechnology Journal,58,78
Biotechnology and Bioengineering,58,71
Process Biochemistry,56,83
Bioresource Technology Reports,54,67
Bioengineering,52,78
New Biotechnology,52,74
The Auk,27,36
Ibis,27,35
Journal of Avian Biology,27,33
The Condor,24,33
Journal of Ornithology,23,37
Bird Conservation International,22,37
Avian Research,20,27
Emu-Austral Ornithology,17,29
Avian Conservation and Ecology,16,20
Journal of Raptor Research,15,21
Bird Study,15,20
Ostrich,14,20
The Wilson Journal of Ornithology,14,16
Journal of Field Ornithology,13,21
Ardeola,12,17
Ardea,12,15
Journal of Avian Medicine and Surgery,11,16
Marine Ornithology,11,14
Avian Biology Research,11,13
Waterbirds,11,12
Frontiers in Plant Science,144,205
New Phytologist,123,173
Nature Plants,102,150
Plant Physiology,95,120
Molecular Plant,94,125
Plants,90,122
Trends in Plant Science,88,143
Journal of Experimental Botany,88,107
The Plant Cell,87,119
The Plant Journal,84,113
Plant Physiology and Biochemistry,77,104
Scientia Horticulturae,76,99
"Plant, Cell & Environment",75,103
BMC Plant Biology,71,93
Current Opinion in Plant Biology,69,98
Annual Review of Plant Biology,68,110
Environmental and Experimental Botany,66,91
Horticulture Research,63,86
Plant Science,61,84
Journal of Integrative Plant Biology,60,82
Cell,316,503
Cell Reports,158,212
Nature Reviews. Molecular Cell Biology,149,422
Molecular Cell,149,206
Cells,136,185
Nature Cell Biology,123,201
Current Biology,122,157
Cell Death & Disease,120,163
Oncogene,102,143
Cell Research,99,163
Developmental Cell,99,142
The EMBO Journal,98,161
Nature Structural & Molecular Biology,98,140
Frontiers in Cell and Developmental Biology,95,143
Cell Death & Differentiation,93,167
Journal of Cell Biology,91,131
Trends in Cell Biology,87,145
Autophagy,87,121
Development,82,131
Cold Spring Harbor Perspectives in Biology,80,146
Cell Stem Cell,125,198
Developmental Cell,99,142
Stem Cell Research & Therapy,93,131
Development,82,131
Seminars in Cell & Developmental Biology,75,105
Stem Cell Reports,73,98
Stem Cells International,64,86
Stem Cells Translational Medicine,61,87
Stem Cells,55,76
Annual Review of Cell and Developmental Biology,47,78
Developmental Biology,46,61
Stem Cell Reviews and Reports,43,64
Current Topics in Developmental Biology,39,54
Stem Cells and Development,38,48
Developmental Neurobiology,37,60
Developmental Dynamics,35,63
Stem Cell Research,35,55
Current Stem Cell Research & Therapy,32,40
Molecular Reproduction and Development,28,36
International Journal of Developmental Neuroscience,27,42
Nature Ecology & Evolution,119,167
Ecological Indicators,104,132
Ecology Letters,88,122
Molecular Ecology,72,105
Journal of Applied Ecology,72,99
Molecular Ecology Resources,66,104
Global Ecology and Biogeography,66,86
Ecology,66,83
Ecography,63,91
Journal of Ecology,63,86
Functional Ecology,62,79
Journal of Animal Ecology,61,80
Ecological Applications,56,74
Diversity and Distributions,54,73
Ecosphere,53,75
Landscape Ecology,53,65
Ecological Monographs,50,84
Journal of Biogeography,48,69
"Annual Review of Ecology, Evolution, and Systematics",45,83
Oikos,44,67
Waste Management,113,152
Journal of Environmental Chemical Engineering,103,132
Process Safety and Environmental Protection,83,109
Engineering Geology,78,97
Tunnelling and Underground Space Technology,77,96
Rock Mechanics and Rock Engineering,75,91
Soil Dynamics and Earthquake Engineering,62,76
Computers and Geotechnics,62,73
Bulletin of Engineering Geology and the Environment,54,74
International Journal of Greenhouse Gas Control,52,65
Cold Regions Science and Technology,51,66
Acta Geotechnica,50,69
Journal of Geotechnical and Geoenvironmental Engineering,49,74
Waste Management & Research,48,73
Journal of Rock Mechanics and Geotechnical Engineering,47,62
Environmental Technology,47,58
Géotechnique,45,69
International Journal of Geomechanics,45,61
Journal of Material Cycles and Waste Management,44,56
Water Science and Technology,43,57
Science of The Total Environment,273,375
Environmental Pollution,170,235
Environmental Science & Technology,169,224
Journal of Hazardous Materials,166,214
Bioresource Technology,161,207
Chemosphere,160,209
Water Research,155,210
Nature Climate Change,153,244
Journal of Environmental Management,148,194
"Resources, Conservation and Recycling",147,209
Environment International,144,211
Environmental Science and Pollution Research,144,190
Global Change Biology,130,181
Marine Pollution Bulletin,117,157
Ecotoxicology and Environmental Safety,113,162
Waste Management,113,152
Journal of Environmental Chemical Engineering,103,132
Desalination,100,128
Water,94,116
Environmental Chemistry Letters,93,154
Nature Ecology & Evolution,119,167
Trends in Ecology & Evolution,92,137
Molecular Biology and Evolution,75,123
Ecology and Evolution,67,90
Systematic Biology,64,96
Molecular Phylogenetics and Evolution,56,70
Evolutionary Applications,53,69
Genome Biology and Evolution,48,60
"Annual Review of Ecology, Evolution, and Systematics",45,83
Evolution,45,58
The American Naturalist,41,58
Heredity,40,63
BMC Evolutionary Biology,39,54
Evolution Letters,35,49
Journal of Evolutionary Biology,30,38
Cladistics,28,48
Journal of Molecular Evolution,23,33
Journal of Zoological Systematics and Evolutionary Research,22,28
EvoDevo,22,24
Journal of Mammalian Evolution,20,24
Trends in Food Science & Technology,139,179
Food Chemistry,137,171
Critical Reviews in Food Science and Nutrition,124,168
Food Hydrocolloids,120,158
Food Research International,116,153
Comprehensive Reviews in Food Science and Food Safety,102,139
Journal of Agricultural and Food Chemistry,98,123
Foods,95,136
LWT-Food Science and Technology,87,104
Food Control,83,107
Food Quality and Preference,76,105
Meat Science,75,99
Journal of Food Engineering,73,96
Journal of the science of food and agriculture,71,92
Current Opinion in Food Science,68,89
Innovative Food Science & Emerging Technologies,67,90
Food Packaging and Shelf Life,66,86
International Journal of Food Microbiology,65,88
Postharvest Biology and Technology,63,95
Food Microbiology,60,79
Forest Ecology and Management,68,87
Forests,63,77
Forest Policy and Economics,51,72
Tree Physiology,45,65
Agroforestry Systems,42,56
Frontiers in Forests and Global Change,40,53
International Journal of Wildland Fire,37,46
Journal of Forestry Research,36,46
Annals of Forest Science,34,42
Current Forestry Reports,33,60
Trees,32,41
Forest Ecosystems,31,42
Canadian Journal of Forest Research,31,40
Dendrochronologia,29,36
European Journal of Forest Research,29,35
Forestry: An International Journal of Forest Research,27,32
Fire Ecology,24,40
New Forests,24,35
Scandinavian Journal of Forest Research,24,35
Journal of Forestry,23,45
Geochimica et Cosmochimica Acta,68,80
International Journal of Coal Geology,60,85
Chemical Geology,55,72
Minerals,53,70
Ore Geology Reviews,52,63
Lithos,51,61
Applied Geochemistry,45,62
Journal of Geochemical Exploration,45,57
Economic Geology,40,61
Mineralium Deposita,40,49
American Mineralogist,37,59
Journal of Petrology,37,50
Contributions to Mineralogy and Petrology,35,41
Organic Geochemistry,33,45
"Elements: An International Magazine of Mineralogy, Geochemistry, and Petrology",29,41
Geochemical Perspectives Letters,27,39
Acta Petrologica Sinica,25,37
Geochemistry,24,37
Acta Geochimica,22,29
Mineralogy and Petrology,21,35
Earth-Science Reviews,106,164
Geoscience Frontiers,65,97
Landslides,63,82
Geology,62,80
Geomorphology,58,84
Gondwana Research,57,70
Quaternary Science Reviews,56,68
Ore Geology Reviews,52,63
Lithos,51,61
Tectonophysics,49,67
Tectonics,47,62
Precambrian Research,47,60
"Geological Society, London, Special Publications",46,58
Quaternary International,46,56
Climate of the past,45,56
Journal of Asian Earth Sciences,45,56
"Palaeogeography, Palaeoclimatology, Palaeoecology",44,53
Geological Society of America Bulletin,41,61
Economic Geology,40,61
Journal of Structural Geology,40,51
Journal of Hydrology,106,135
Water Resources Research,80,104
Hydrology and Earth System Sciences,73,100
Advances in Water Resources,58,76
Water Resources Management,52,78
Journal of Flood Risk Management,46,60
Hydrological Processes,45,55
Journal of Hydrology: Regional Studies,44,58
Journal of Hydrometeorology,44,58
Hydrological Sciences Journal,43,62
Hydrogeology Journal,41,58
Vadose Zone Journal,38,55
Journal of Water Resources Planning and Management,36,42
JAWRA Journal of the American Water Resources Association,33,48
Hydrology Research,32,44
Hydrology,32,42
Ecohydrology,32,40
Journal of Hydroinformatics,30,45
Sustainable Water Resources Management,30,45
International Journal of Sediment Research,30,40
Annual Review of Entomology,59,116
Journal of Pest Science,53,76
Insects,51,74
Biological Control,51,71
Journal of Economic Entomology,40,51
Insect Biochemistry and Molecular Biology,40,47
Insect Science,33,55
Journal of Invertebrate Pathology,33,55
Systematic Entomology,33,47
Egyptian Journal of Biological Pest Control,32,47
Environmental Entomology,32,47
Journal of Medical Entomology,32,43
Journal of Applied Entomology,31,40
Journal of Apicultural Research,29,56
Ecological Entomology,29,49
Entomologia Generalis,29,46
BioControl,29,44
Insect Molecular Biology,29,36
Entomologia Experimentalis et Applicata,28,45
Journal of Insect Science,28,37
Nature,467,707
Science,424,665
Nature Communications,349,456
Proceedings of the National Academy of Sciences,268,394
International Journal of Molecular Sciences,215,305
Science Advances,212,306
PLoS ONE,212,294
Scientific Reports,210,272
Sustainability,185,238
Nature Methods,163,289
Cell Metabolism,160,232
eLife,147,202
International Journal of Biological Macromolecules,146,185
Cell Host & Microbe,130,216
Microbiome,118,176
Scientific Data,110,166
PLOS Biology,109,162
Heliyon,105,148
TIDEE: TERI Information Digest on Energy and Environment,104,153
BioMed Research International,103,134
Marine Pollution Bulletin,117,157
Frontiers in Marine Science,93,135
Aquaculture,78,98
Reviews in Aquaculture,75,110
Fish & Shellfish Immunology,73,97
Algal Research,66,86
Fish and Fisheries,57,81
Limnology and Oceanography,56,66
Aquatic Toxicology,53,77
Journal of Applied Phycology,52,69
"Estuarine, Coastal and Shelf Science",50,66
ICES Journal of Marine Science,49,70
Harmful Algae,45,74
Hydrobiologia,45,66
Progress in Oceanography,44,58
Marine Ecology Progress Series,43,56
Fisheries Research,43,54
Reviews in Fish Biology and Fisheries,42,56
Reviews in Fisheries Science & Aquaculture,41,83
Freshwater Biology,41,58
Frontiers in Microbiology,155,252
Nature Reviews Microbiology,151,285
Nature Microbiology,129,204
Clinical Microbiology and Infection,114,167
The ISME Journal,106,150
Journal of Clinical Microbiology,93,147
Frontiers in Cellular and Infection Microbiology,93,130
mBio,93,128
Applied Microbiology and Biotechnology,92,126
Trends in Microbiology,84,141
Microorganisms,84,120
Antimicrobial Agents and Chemotherapy,79,113
Clinical Microbiology Reviews,76,190
Microbial Pathogenesis,76,110
Applied and Environmental Microbiology,73,95
Environmental Microbiology,68,93
International Journal of Food Microbiology,65,88
mSystems,63,94
FEMS Microbiology Reviews,62,115
Journal of Applied Microbiology,62,95
Cell,316,503
Nucleic Acids Research,238,539
Cell Reports,158,212
Nature Reviews. Molecular Cell Biology,149,422
Molecular Cell,149,206
Nature Cell Biology,123,201
Oncogene,102,143
Biomolecules,99,143
Developmental Cell,99,142
The EMBO Journal,98,161
Nature Structural & Molecular Biology,98,140
PLOS Genetics,83,123
Cold Spring Harbor Perspectives in Biology,80,146
"Methods in Molecular Biology (Clifton, NJ)",79,123
Journal of Molecular Biology,78,121
Journal of Biomolecular Structure and Dynamics,77,128
Genes & Development,77,118
FEBS Journal,73,115
EMBO Reports,71,99
Protein Science,66,124
Journal of Fungi,67,89
Fungal Diversity,52,99
Mycoses,51,79
Medical Mycology,48,70
Persoonia-Molecular Phylogeny and Evolution of Fungi,37,70
Fungal Biology,34,41
Mycorrhiza,33,47
Fungal Ecology,33,40
Mycopathologia,32,56
Fungal Genetics and Biology,31,52
Journal of Medical Mycology,31,40
Mycological Progress,29,37
MycoKeys,28,38
Mycotoxin Research,27,40
Fungal Biology Reviews,27,38
Mycologia,27,35
Mycology,26,43
IMA Fungus,26,39
Mycosphere,25,68
World Mycotoxin Journal,24,45
Journal of Geophysical Research: Oceans,59,77
Limnology and Oceanography,56,66
Ocean Sciences Meeting,55,89
"Estuarine, Coastal and Shelf Science",50,66
ICES Journal of Marine Science,49,70
Global Biogeochemical Cycles,48,72
Annual Review of Marine Science,47,88
Progress in Oceanography,44,58
Journal of Physical Oceanography,40,49
Marine Geology,38,50
Deep Sea Research Part II: Topical Studies in Oceanography,38,45
Paleoceanography and Paleoclimatology,34,45
Ocean Science,33,50
Marine Chemistry,33,46
Ocean Modelling,32,48
Deep Sea Research Part I: Oceanographic Research Papers,32,43
Journal of Marine Systems,32,42
Journal of Atmospheric and Oceanic Technology,31,43
Oceanography,30,42
Continental Shelf Research,30,36
"Palaeogeography, Palaeoclimatology, Palaeoecology",44,53
Cretaceous Research,29,35
Palaeontology,27,34
Historical Biology,25,37
Journal of Systematic Palaeontology,24,32
Marine Micropaleontology,22,28
Paleobiology,22,26
Review of Palaeobotany and Palynology,21,25
Journal of Vertebrate Paleontology,21,24
Journal of Paleontology,20,22
Newsletters on Stratigraphy,19,25
Acta Palaeontologica Polonica,19,24
Lethaia,19,24
Palynology,19,24
Papers in Palaeontology,19,22
Comptes Rendus Palevol,18,28
Palaeontologia Electronica,18,23
Geobios,16,21
Palaios,16,21
Palaeoworld,15,25
Pest Management Science,64,91
Journal of Pest Science,53,76
Biological Control,51,71
Pesticide Biochemistry and Physiology,49,58
Crop Protection,45,58
Egyptian Journal of Biological Pest Control,32,47
Journal of Applied Entomology,31,40
Journal of Stored Products Research,30,37
BioControl,29,44
Weed Science,29,40
Weed Technology,28,34
Journal of Plant Diseases and Protection,26,37
Journal of Integrated Pest Management,25,40
Biocontrol Science and Technology,23,35
Weed Research,22,33
Phytoparasitica,22,30
International Journal of Pest Management,19,30
Journal of Nematology,19,24
Journal of Pesticide Science,18,33
Archives of Phytopathology and Plant Protection,18,23
Molecular Plant Pathology,56,87
Phytopathology,49,70
Plant Disease,45,59
Crop Protection,45,58
Molecular Plant-Microbe Interactions,45,55
Annual Review of Phytopathology,44,73
Plant Pathology,38,48
European Journal of Plant Pathology,34,45
Physiological and Molecular Plant Pathology,31,42
Journal of Plant Diseases and Protection,26,37
The Plant Pathology Journal,25,39
Canadian Journal of Plant Pathology,25,37
Phytopathologia Mediterranea,24,32
Journal of Plant Pathology,23,30
Journal of Phytopathology,22,33
Tropical Plant Pathology,22,33
Phytoparasitica,22,30
Journal of Nematology,19,24
Forest Pathology,19,23
Australasian Plant Pathology,18,29
Protein Science,66,124
Journal of Proteome Research,65,112
Molecular & Cellular Proteomics,65,99
Journal of Proteomics,50,64
Proteomics,48,66
"Proteins: Structure, Function, and Bioinformatics",45,85
Peptides,43,58
Current Protein and Peptide Science,39,56
Expert Review of Proteomics,37,54
Biochimica et Biophysica Acta (BBA)-Proteins and Proteomics,37,53
Amino Acids,37,51
International Journal of Peptide Research and Therapeutics,31,47
Proteomics - Clinical Applications,29,42
Neuropeptides,28,36
Clinical Proteomics,27,40
Proteomes,26,41
Protein and Peptide Letters,26,34
The Protein Journal,25,42
Biopolymers,23,27
Peptide Science,21,27
Soil Biology and Biochemistry,92,131
Geoderma,91,117
CATENA,81,113
Soil and Tillage Research,75,98
Land Degradation & Development,63,87
Plant and Soil,63,86
Applied Soil Ecology,61,83
Journal of Soils and Sediments,51,66
Agronomy Journal,46,64
Biology and Fertility of Soils,46,63
Pedosphere,45,64
European Journal of Soil Science,43,63
Journal of Plant Nutrition,42,58
International Soil and Water Conservation Research,41,73
Journal of Environmental Quality,41,54
Journal of Soil Science and Plant Nutrition,40,51
Vadose Zone Journal,38,55
Archives of Agronomy and Soil Science,38,54
Nutrient Cycling in Agroecosystems,35,48
Soil Science Society of America Journal,35,47
Journal of Cleaner Production,246,321
Journal of Environmental Management,148,194
Nature Sustainability,128,208
Business Strategy and the Environment,105,154
Ecological Economics,94,140
Corporate Social Responsibility and Environmental Management,92,144
Journal of Sustainable Tourism,84,117
Environmental Science & Policy,82,106
Sustainable Production and Consumption,78,125
"Environment, Development and Sustainability",73,98
Ecosystem Services,71,109
Sustainable Development,69,103
Sustainability Science,67,103
Journal of Environmental Economics and Management,66,103
Current Opinion in Environmental Sustainability,64,118
Ecology and Society,60,93
Journal of Industrial Ecology,57,101
The International Journal of Life Cycle Assessment,55,76
Environmental Impact Assessment Review,53,73
Environmental and Resource Economics,51,86
Renewable and Sustainable Energy Reviews,226,303
Applied Energy,186,237
Joule,183,276
Nature Energy,177,378
Energy,153,197
Renewable Energy,146,197
Energy Conversion and Management,146,188
Journal of Power Sources,132,173
International Journal of Hydrogen Energy,128,170
Energies,125,169
Solar Energy,112,140
Energy and Buildings,106,139
Journal of Energy Storage,100,139
IEEE Transactions on Sustainable Energy,93,130
Energy Reports,87,123
International Journal of Energy Research,77,96
Sustainable Energy Technologies and Assessments,70,91
Biomass and Bioenergy,67,88
IET Renewable Power Generation,55,76
Journal of the Energy Institute,54,75
Journal of Medical Virology,143,293
Viruses,106,159
Vaccine,98,143
PLOS Pathogens,96,126
Vaccines,92,122
Emerging Microbes & Infections,91,186
Journal of Virology,87,117
Journal of Clinical Virology,74,139
Human Vaccines & Immunotherapeutics,72,112
Antiviral Research,65,123
Transboundary and Emerging Diseases,65,90
Reviews in Medical Virology,58,85
Virus Research,57,103
Current Opinion in Virology,52,67
Virology,50,74
Virology Journal,49,83
Expert Review of Vaccines,49,80
NPJ Vaccines,47,91
Journal of General Virology,47,76
Archives of Virology,46,79
Cellulose,77,96
BioResources,40,52
Journal of Bioresources and Bioproducts,39,108
European Journal of Wood and Wood Products,32,45
Wood Science and Technology,29,40
Journal of Renewable Materials,28,38
Holzforschung,27,35
Journal of Wood Science,25,38
Wood Material Science & Engineering,24,33
Maderas. Ciencia y Tecnología,20,24
International Association of Wood Anatomists Journal,19,25
Journal of Wood Chemistry and Technology,19,25
Wood and Fiber Science,18,27
Floresta e Ambiente,17,20
Cellulose Chemistry and Technology,16,24
Nordic Pulp & Paper Research Journal,16,20
Wood Research,16,19
Forest Products Journal,14,19
Journal of Forestry Engineering,13,21
Acta Facultatis Xylologiae Zvolen res Publica Slovaca,13,16
Molecular Phylogenetics and Evolution,56,70
Zootaxa,36,50
ZooKeys,36,48
Mammal Review,33,50
Systematic Entomology,33,47
Zoological Journal of the Linnean Society,32,44
Journal of Mammalogy,32,43
Brazilian Journal of Biology,30,45
Entomologia Generalis,29,46
Endangered Species Research,28,49
Biological Journal of the Linnean Society,28,33
International Journal for Parasitology: Parasites and Wildlife,27,34
Current Zoology,26,35
European Journal of Wildlife Research,26,35
Frontiers in Zoology,26,34
Marine Mammal Science,26,31
Zoologica Scripta,26,31
Journal of Zoology,25,36
Wildlife Research,25,34
Mammalian Biology,25,32
"IEEE International Conference on Acoustics, Speech and Signal Processing (ICASSP)",123,198
Conference of the International Speech Communication Association (INTERSPEECH),107,162
"IEEE/ACM Transactions on Audio, Speech, and Language Processing",69,108
Journal of Sound and Vibration,68,87
Applied Acoustics,56,75
The Journal of the Acoustical Society of America,50,69
"IEEE Transactions on Ultrasonics, Ferroelectrics, and Frequency Control",46,60
Ear and Hearing,45,62
Ultrasonics,45,59
Computer Speech & Language,41,61
IEEE Spoken Language Technology Workshop (SLT),40,80
IEEE Workshop on Automatic Speech Recognition & Understanding,38,66
Detection and Classification of Acoustic Scenes and Events,36,64
Trends in Hearing,35,51
Journal of Phonetics,34,48
Speech Communication,34,44
Odyssey: The Speaker and Language Recognition Workshop,30,55
"Journal of Low Frequency Noise, Vibration and Active Control",28,45
International Journal of Speech Technology,27,41
IEEE International Ultrasonics Symposium (IUS),25,28
Inventiones Mathematicae,54,73
Advances in Mathematics,50,66
Transactions of the American Mathematical Society,39,51
Linear Algebra and its Applications,35,49
Compositio Mathematica,34,47
Proceedings of the American Mathematical Society,32,51
Journal of Algebra,32,42
Proceedings of the London Mathematical Society,32,38
Selecta Mathematica,30,40
Mathematische Zeitschrift,28,38
Turkish Journal of Mathematics,27,35
Linear and Multilinear Algebra,26,35
Journal of Pure and Applied Algebra,26,32
Algebra & Number Theory,25,33
Journal of the London Mathematical Society,24,30
Communications in Algebra,23,31
Israel Journal of Mathematics,22,34
Bulletin of the London Mathematical Society,22,31
Documenta Mathematica,21,32
Journal of Algebra and Its Applications,21,25
The Astrophysical Journal,169,234
Monthly Notices of the Royal Astronomical Society,160,212
Astronomy & Astrophysics,136,190
Journal of Cosmology and Astroparticle Physics,106,151
Nature Astronomy,92,118
The Astronomical Journal,89,125
The Astrophysical Journal Supplement Series,84,130
Classical and Quantum Gravity,70,96
Space Science Reviews,69,101
Icarus,56,69
Advances in Space Research,54,80
Publications of the Astronomical Society of the Pacific,52,111
Publications of the Astronomical Society of Japan,49,101
Physics of the Dark Universe,48,70
Space Weather,44,57
Astrobiology,42,68
Universe,41,55
International Journal of Modern Physics D,41,52
General Relativity and Gravitation,37,54
Planetary and Space Science,35,57
Journal of Biomolecular Structure and Dynamics,77,128
Journal of Photochemistry and Photobiology B: Biology,76,119
Biophysical Journal,69,96
Current Opinion in Structural Biology,66,84
Structure,50,69
Journal of Biomechanics,50,66
Biochimica et Biophysica Acta (BBA)-Biomembranes,48,72
Photochemical & Photobiological Sciences,48,72
Biophysical Reviews,47,76
Journal of Biophotonics,46,54
Annual Review of Biophysics,45,89
Photochemistry and Photobiology,40,59
Biochimica et Biophysica Acta (BBA)-Bioenergetics,39,52
Progress in Biophysics and Molecular Biology,37,52
Photosynthesis Research,36,44
Journal of Structural Biology,35,56
Chemistry and Physics of Lipids,33,49
Biophysical Chemistry,27,43
European Biophysics Journal with Biophysics Letters,27,42
"Photodermatology, Photoimmunology & Photomedicine",27,38
Computer Methods in Applied Mechanics and Engineering,97,133
Journal of Computational Physics,80,118
Applied Mathematics and Computation,80,103
Computers & Mathematics with Applications,60,83
Journal of Computational and Applied Mathematics,58,78
SIAM Journal on Scientific Computing,57,79
SIAM Journal on Optimization,56,78
Journal of Scientific Computing,47,68
Computational & Applied Mathematics,43,63
Numerical Methods for Partial Differential Equations,43,59
SIAM Journal on Numerical Analysis,43,53
Foundations of Computational Mathematics,39,64
Mathematics of Computation,39,63
IMA Journal of Numerical Analysis,39,49
Engineering Analysis with Boundary Elements,39,45
Numerical Algorithms,38,56
Applied Numerical Mathematics,38,50
Numerische Mathematik,36,40
Optimization Methods and Software,34,52
Computational Optimization and Applications,34,46
Physical Review Letters,216,301
Physical Review B,135,172
Physical Review. X,128,194
Applied Physics Letters,93,119
Applied Physics Reviews,84,138
Physical Review Applied,84,107
Journal of Applied Physics,80,104
IEEE Electron Device Letters,70,91
Physical Review Materials,69,91
Journal of Materials Science: Materials in Electronics,67,83
Journal of Magnetism and Magnetic Materials,65,88
SciPost Physics,63,104
Materials Today Physics,61,83
IEEE Transactions on Electron Devices,61,78
Journal of Physics and Chemistry of Solids,61,78
2D Materials,60,85
Communications Physics,58,90
Materials Science in Semiconductor Processing,57,83
Journal of Non-Crystalline Solids,57,73
Journal of Physics: Condensed Matter,55,71
Compositio Mathematica,34,47
"Designs, Codes and Cryptography",33,45
Discrete Applied Mathematics,32,41
"Journal of Combinatorial Theory, Series A",30,35
Finite Fields and Their Applications,27,39
"Journal of Combinatorial Theory, Series B",26,34
Algebra & Number Theory,25,33
Combinatorica,25,32
Discrete Mathematics,25,32
SIAM Journal on Discrete Mathematics,25,32
Random Structures & Algorithms,25,30
European Journal of Combinatorics,24,32
The Electronic Journal of Combinatorics,24,29
Journal of Combinatorial Optimization,23,29
Journal of Number Theory,22,29
Journal of Graph Theory,22,27
"Combinatorics, Probability and Computing",21,32
The Ramanujan Journal,21,25
"Discrete Mathematics, Algorithms and Applications",20,27
Research in the Mathematical Sciences,19,38
IEEE Transactions on Antennas and Propagation,93,117
IEEE Antennas and Wireless Propagation Letters,72,94
IEEE Transactions on Microwave Theory and Techniques,67,83
AEU-International Journal of Electronics and Communications,56,72
IEEE Microwave and Wireless Components Letters,46,62
"IET Microwaves, Antennas & Propagation",41,50
Waves in Random and Complex Media,40,58
Microwave and Optical Technology Letters,40,53
IEEE Transactions on Electromagnetic Compatibility,40,49
International Journal of RF and Microwave Computer‐Aided Engineering,38,45
IEEE Transactions on Terahertz Science and Technology,35,49
IEEE Antennas and Propagation Magazine,34,46
IEEE Microwave Magazine,33,51
"Journal of Infrared, Millimeter, and Terahertz Waves",31,45
IEEE Radio Frequency Integrated Circuits Symposium,30,37
"IEEE Journal of Electromagnetics, RF and Microwaves in Medicine and Biology",29,39
International Journal of Antennas and Propagation,28,41
European Conference on Antennas and Propagation,27,37
Photonics and Nanostructures-Fundamentals and Applications,27,36
IEEE/MTT-S International Microwave Symposium,26,38
Physics of Fluids,75,116
Journal of Fluid Mechanics,75,104
Annual Review of Fluid Mechanics,58,117
Experimental Thermal and Fluid Science,50,63
Physical Review Fluids,50,62
Computers & Fluids,48,62
International Journal of Multiphase Flow,45,62
Journal of Fluids and Structures,41,51
Experiments in Fluids,39,48
International Journal of Heat and Fluid Flow,36,48
"Journal of Hydrodynamics, Series B",32,61
European Journal of Mechanics-B/Fluids,32,39
"Flow, Turbulence and Combustion",31,42
Journal of Fluids Engineering,30,40
Journal of Non-Newtonian Fluid Mechanics,29,39
Fluids,29,37
Journal of Hydraulic Research,28,37
Environmental Fluid Mechanics,28,33
International Journal for Numerical Methods in Fluids,27,32
Theoretical and Computational Fluid Dynamics,25,36
Inventiones Mathematicae,54,73
Geometry & Topology,37,50
Journal of Differential Geometry,34,45
Mathematische Annalen,34,43
International Journal of Geometric Methods in Modern Physics,33,47
Geometric and Functional Analysis,29,42
Mathematische Zeitschrift,28,38
The Journal of Geometric Analysis,28,34
Journal of Geometry and Physics,27,42
Journal of Topology,26,33
"Forum of Mathematics, Sigma",25,34
Symposium on Computational Geometry,24,29
Algebraic & Geometric Topology,23,33
Annales de l’Institut Fourier,23,33
Discrete & Computational Geometry,23,32
Journal de l’École polytechnique—Mathématiques,22,27
Mathematical Research Letters,21,26
Pacific Journal of Mathematics,21,26
Algebraic Geometry,20,27
Journal of the Mathematical Society of Japan,19,27
Nature Geoscience,108,175
Geophysical Research Letters,102,134
Journal of Geophysical Research,88,115
Earth and Planetary Science Letters,69,93
Reviews of Geophysics,60,117
Geophysics,58,74
Geophysical Journal International,54,72
Seismological Research Letters,51,72
"Geochemistry, Geophysics, Geosystems",50,67
Geothermics,50,67
Journal of Geodesy,49,74
Tectonophysics,49,67
Tectonics,47,62
Surveys in Geophysics,45,70
Journal of Volcanology and Geothermal Research,44,53
Bulletin of the Seismological Society of America,41,59
Pure and Applied Geophysics,41,57
Journal of Physical Oceanography,40,49
SEG Technical Program Expanded Abstracts,38,61
"Earth, Planets and Space",36,50
Physical Review D,161,212
Journal of High Energy Physics,158,202
The European Physical Journal C,121,162
Physics Letters B,105,153
Physics Reports,95,181
Physical Review C,77,105
Progress in Particle and Nuclear Physics,58,105
Nuclear Physics B,53,71
"Nuclear Instruments and Methods in Physics Research Section A: Accelerators, Spectrometers, Detectors and Associated Equipment",52,80
Chinese Physics C,51,63
Journal of Instrumentation,48,70
Journal of Physics G: Nuclear and Particle Physics,48,69
The European Physical Journal A,46,66
Annals of Physics,43,63
Fortschritte der Physik,42,71
Journal of Synchrotron Radiation,40,53
International Journal of Modern Physics A,38,60
Physical Review. Accelerators and Beams,38,49
Progress of Theoretical and Experimental Physics,35,57
IEEE Transactions on Nuclear Science,35,41
Advances in Difference Equations,67,88
Mathematical Methods in the Applied Sciences,60,88
Journal of Differential Equations,51,64
Journal of Mathematical Analysis and Applications,46,62
Journal of Inequalities and Applications,44,60
Archive for Rational Mechanics and Analysis,43,54
Communications on Pure and Applied Mathematics,42,59
Calculus of Variations and Partial Differential Equations,39,50
Journal of Functional Analysis,38,49
Journal de Mathématiques Pures et Appliquées,38,48
SIAM Journal on Mathematical Analysis,38,48
"Revista de la Real Academia de Ciencias Exactas, Físicas y Naturales. Serie A. Matemáticas",37,48
Analysis & Partial Differential Equations,35,46
Nonlinear Analysis,35,45
Discrete & Continuous Dynamical Systems: Series A,32,41
Fractional Calculus and Applied Analysis,31,53
Journal of Function Spaces,31,47
Communications in Partial Differential Equations,30,37
Advances in Nonlinear Analysis,29,48
Boundary Value Problems,29,42
Mathematical Programming,65,123
Structural and Multidisciplinary Optimization,58,79
SIAM Journal on Optimization,56,78
Mathematics of Operations Research,42,56
SIAM Journal on Control and Optimization,40,62
Journal of Optimization Theory and Applications,36,46
Engineering Optimization,35,49
Optimization Methods and Software,34,52
Computational Optimization and Applications,34,46
Journal of Global Optimization,32,54
Optimization,32,53
RAIRO-Operations Research,31,41
Mathematical Programming Computation,29,66
Optimization Letters,29,44
Applied Mathematics & Optimization,29,40
Journal of Industrial and Management Optimization,26,42
Optimization and Engineering,26,35
"ESAIM: Control, Optimisation and Calculus of Variations",25,36
Operations Research Letters,24,35
Journal of Nonlinear and Convex Analysis,23,37
Communications in Mathematical Physics,54,68
Journal of Physics A: Mathematical and Theoretical,53,76
Journal of Statistical Mechanics: Theory and Experiment,49,75
Annals of Physics,43,63
Journal of Mathematical Physics,40,51
Journal of Statistical Physics,34,42
International Journal of Geometric Methods in Modern Physics,33,47
International Journal of Theoretical Physics,33,41
Selecta Mathematica,30,40
Annales Henri Poincaré,30,38
Advances in Theoretical and Mathematical Physics,28,42
Journal of Geometry and Physics,27,42
Letters in Mathematical Physics,27,40
Advances in Applied Clifford Algebras,22,31
"SIGMA. Symmetry, Integrability and Geometry: Methods and Applications",22,30
Journal of Spectral Theory,21,29
Reviews in Mathematical Physics,21,29
Advances in Mathematical Physics,20,26
Journal of Noncommutative Geometry,16,20
"Mathematical Physics, Analysis and Geometry",15,19
"Chaos, Solitons & Fractals",110,170
Nonlinear Dynamics,87,107
Advances in Difference Equations,67,88
Chaos: An Interdisciplinary Journal of Nonlinear Science,61,90
Communications in Nonlinear Science and Numerical Simulation,58,87
Fractals,52,69
Nonlinear Analysis: Hybrid Systems,42,52
International Journal of Bifurcation and Chaos,41,52
Physica D: Nonlinear Phenomena,38,52
Journal of Nonlinear Science,37,50
Nonlinearity,36,49
Nonlinear Analysis: Real World Applications,36,45
Fractal and Fractional,34,48
Discrete & Continuous Dynamical Systems: Series A,32,41
SIAM Journal on Applied Dynamical Systems,30,52
Discrete Dynamics in Nature and Society,30,39
Journal of Dynamics and Differential Equations,29,40
Discrete & Continuous Dynamical Systems-Series B,29,36
Multibody System Dynamics,29,35
Journal of Computational and Nonlinear Dynamics,28,38
Nature Photonics,149,266
Light: Science & Applications,112,171
Advanced Optical Materials,112,151
Optics Express,105,144
Optica,102,144
ACS Photonics,95,133
Journal of Lightwave Technology,87,129
Nanophotonics,80,121
Optics Letters,76,101
Optik,76,99
Laser & Photonics Reviews,72,106
Optics & Laser Technology,71,91
Photonics Research,67,89
Quantum Science and Technology,66,94
Conference on Lasers and Electro-Optics (CLEO),65,111
Optics and Lasers in Engineering,64,106
IEEE Journal of Selected Topics in Quantum Electronics,63,92
Biomedical Optics Express,58,84
Optical Materials,58,79
APL Photonics,56,80
Nature Physics,147,224
Journal of Molecular Liquids,130,175
Physica A: Statistical Mechanics and its Applications,93,120
Reviews of Modern Physics,92,227
Physical Review A,91,126
Results in Physics,89,107
Symmetry,86,109
Reports on Progress in Physics,85,165
IEEE Transactions on Instrumentation and Measurement,83,127
Nature Reviews Physics,79,188
Entropy,78,105
Applied Mathematical Modelling,76,99
Computer Physics Communications,75,114
Quantum,74,122
Philosophical Transactions of the Royal Society A,74,109
New Journal of Physics,74,94
Journal of Physics D: Applied Physics,73,111
Mathematics,73,100
Physical review. E,73,88
The European Physical Journal Plus,70,92
Nuclear Fusion,56,66
Physics of Plasmas,50,67
Plasma Sources Science and Technology,47,68
Plasma Physics and Controlled Fusion,42,59
Fusion Engineering and Design,38,57
IEEE Transactions on Plasma Science,32,42
Plasma Chemistry and Plasma Processing,31,45
Journal of Plasma Physics,31,42
Nuclear Materials and Energy,28,35
Matter and Radiation at Extremes,27,39
Plasma Science and Technology,24,33
Fusion Science and Technology,21,30
Contributions to Plasma Physics,20,25
Plasma Physics Reports,19,26
Journal of Fusion Energy,17,28
Plasma,16,22
Plasma and Fusion Research,15,20
Laser and Particle Beams,14,17
High Energy Density Physics,13,20
IEEE International Conference on Plasma Science,12,27
The Annals of Statistics,79,116
Journal of the American Statistical Association,76,125
Journal of Econometrics,59,96
Journal of Statistical Software,55,115
Journal of Business & Economic Statistics,51,75
Statistics in Medicine,49,81
Journal of the Royal Statistical Society Series B: Statistical Methodology,47,87
Biometrika,45,72
The American Statistician,43,98
The Annals of Probability,43,57
Statistical Science,41,72
Bernoulli,41,63
Journal of Computational and Graphical Statistics,40,61
Annals of applied probability: an official journal of the Institute of Mathematical Statistics,40,55
The Annals of Applied Statistics,40,55
Probability Theory and Related Fields,39,48
The Stata Journal,38,72
Biometrics,37,47
Statistics and Computing,36,59
Bayesian Analysis,34,48
Advances in Difference Equations,67,88
Journal of Inequalities and Applications,44,60
Journal für die reine und angewandte Mathematik (Crelles Journal),39,54
Nonlinear Analysis,35,45
Discrete Applied Mathematics,32,41
Journal of Function Spaces,31,47
Filomat,30,43
Boundary Value Problems,29,42
Turkish Journal of Mathematics,27,35
Bulletin of the Malaysian Mathematical Sciences Society,26,53
"Journal of Combinatorial Theory, Series B",26,34
Combinatorica,25,32
Discrete Mathematics,25,32
SIAM Journal on Discrete Mathematics,25,32
Journal of Nonlinear and Convex Analysis,23,37
Electronic Journal of Differential Equations,22,29
Journal of Graph Theory,22,27
Mathematical Sciences,20,29
Algebraic Geometry,20,27
Annali di Matematica Pura ed Applicata,20,25
The Journal of Chemical Physics,98,164
Journal of Chemical Theory and Computation,84,120
Spectrochimica Acta Part A: Molecular and Biomolecular Spectroscopy,68,81
Journal of Luminescence,55,70
The Journal of Physical Chemistry A,54,64
Chemical Physics Letters,49,58
Journal of Quantitative Spectroscopy and Radiative Transfer,41,62
Journal of Analytical Atomic Spectrometry,41,59
Spectrochimica Acta Part B: Atomic Spectroscopy,39,47
International Journal of Quantum Chemistry,36,50
Applied Spectroscopy,35,57
"Journal of Physics B: Atomic, Molecular and Optical Physics",35,55
Journal of Magnetic Resonance,35,49
Chemical Physics,34,52
Journal of Raman Spectroscopy,34,50
Computational and Theoretical Chemistry,34,45
Applied Spectroscopy Reviews,33,52
Molecular Physics,31,43
Vibrational Spectroscopy,29,40
Magnetic Resonance in Chemistry,26,38
International Journal of Heat and Mass Transfer,114,151
Applied Thermal Engineering,106,131
Journal of Thermal Analysis and Calorimetry,91,120
International Communications in Heat and Mass Transfer,71,91
Case Studies in Thermal Engineering,67,87
International Journal of Thermal Sciences,58,71
International Journal of Numerical Methods for Heat & Fluid Flow,57,81
Thermal Science and Engineering Progress,55,76
International Journal of Refrigeration,52,64
Experimental Thermal and Fluid Science,50,63
Thermochimica Acta,41,58
Thermal Science,40,56
The Journal of Chemical Thermodynamics,39,52
Heat and Mass Transfer,37,50
International Journal of Thermofluids,36,61
International Journal of Heat and Fluid Flow,36,48
Heat Transfer,35,45
Heat Transfer—Asian Research,34,46
Heat Transfer Engineering,34,42
Journal of Heat Transfer,32,45
Assessment & Evaluation in Higher Education,61,99
Psychological Methods,59,108
Assessment,56,77
Psychological Assessment,55,96
Studies in Educational Evaluation,45,71
Journal of Personality Assessment,42,60
Multivariate Behavioral Research,39,68
Language Testing,33,50
Assessing Writing,33,49
Educational and Psychological Measurement,31,57
European Journal of Psychological Assessment,31,54
"Assessment in Education: Principles, Policy & Practice",30,54
Psychometrika,30,39
Journal of Psychoeducational Assessment,29,36
British Journal of Mathematical and Statistical Psychology,26,37
Language Assessment Quarterly,25,45
Language Testing in Asia,24,34
Journal of Educational and Behavioral Statistics,23,37
Educational Measurement: Issues and Practice,22,38
Applied Measurement in Education,22,32
Development Southern Africa,30,39
African Affairs,29,43
African Development Review,26,38
Journal of Eastern African Studies,25,39
Journal of Asian and African Studies,24,33
Journal of African Economies,21,42
African Studies Review,20,32
Review of African Political Economy,20,27
Urban Forum,19,27
African Geographical Review,18,27
Journal of Southern African Studies,17,24
Journal of Contemporary African Studies,17,22
The Journal of Modern African Studies,17,22
African Studies,17,21
Africa,17,20
Politikon,16,23
Journal of African Cultural Studies,16,21
South African Journal of International Affairs,16,18
African Identities,15,23
Critical African Studies,14,24
American Journal of Physical Anthropology,42,56
Journal of Human Evolution,41,53
Current Anthropology,35,51
Annual Review of Anthropology,32,47
Economics & Human Biology,32,45
American Journal of Human Biology,30,48
"Evolutionary Anthropology: Issues, News, and Reviews",27,48
Journal of Anthropological Archaeology,27,31
American Anthropologist,26,38
Cultural Anthropology,25,46
Ethnos,25,33
International Journal of Paleopathology,23,31
Medical Anthropology Quarterly,22,41
Journal of the Royal Anthropological Institute,21,36
Annals of Human Biology,21,29
Social Anthropology/Anthropologie sociale,21,28
American Ethnologist,20,34
Anthropological Theory,19,39
HAU: Journal of Ethnographic Theory,19,37
Evolutionary Human Sciences,18,22
Journal of Cultural Heritage,47,65
Journal of Archaeological Science,38,45
Archaeological and Anthropological Sciences,38,43
Antiquity,37,43
International Journal of Heritage Studies,35,44
Journal of Archaeological Science: Reports,35,42
Journal of Archaeological Method and Theory,32,40
Heritage Science,31,39
Radiocarbon,29,39
Journal of Anthropological Archaeology,27,31
Archaeometry,25,33
Vegetation History and Archaeobotany,25,33
American Antiquity,24,37
Journal of Field Archaeology,24,36
Heritage,24,32
Digital Applications in Archaeology and Cultural Heritage,23,34
Archaeological Research in Asia,22,29
Advances in Archaeological Practice,21,33
European Journal of Archaeology,20,32
Cambridge Archaeological Journal,20,30
Buildings,53,70
Lighting Research & Technology,33,51
Frontiers of Architectural Research,31,43
International Journal of Building Pathology and Adaptation,26,39
Archnet-IJAR: International Journal of Architectural Research,25,36
Architectural Engineering and Design Management,24,38
LEUKOS: The Journal of the Illuminating Engineering Society of North America,24,37
Architectural Science Review,24,36
Journal of Architectural Engineering,23,27
Intelligent Buildings International,20,37
Advances in Building Energy Research,18,32
International Journal of Architectural Computing,17,28
Journal of Green Building,16,24
International Journal of Built Environment and Sustainability,16,19
Annual Symposium on Simulation for Architecture and Urban Design,15,21
Light & Engineering,15,18
Architectural Design,14,20
International Journal of High-Rise Buildings,12,17
Journal of Contemporary Urban Affairs,12,14
Journal of Landscape Architecture,11,18
Journal of Contemporary China,41,67
Eurasian Geography and Economics,33,44
The China Quarterly,30,56
Journal of Contemporary Asia,30,41
The Pacific Review,29,40
The Singapore Economic Review,27,44
The Chinese Journal of International Politics,26,46
Journal of Asian Economics,26,38
Asia & the Pacific Policy Studies,25,44
Journal of Chinese Political Science,25,40
Asia Pacific Business Review,25,38
Journal of Asian and African Studies,24,33
Asian Economic Policy Review,22,36
Asian Studies Review,22,35
Critical Asian Studies,22,34
Bulletin of Indonesian Economic Studies,21,44
Journal of the Asia Pacific Economy,21,35
Central Asian Survey,21,29
Journal of Current Southeast Asian Affairs,20,37
Contemporary South Asia,20,34
Nursing Ethics,58,77
Journal of Medical Ethics,49,79
The American Journal of Bioethics,42,56
BMC Medical Ethics,39,55
"Journal of Law, Medicine & Ethics",32,58
Bioethics,32,46
Hastings Center Report,30,40
"Medicine, Health Care and Philosophy",29,41
Journal of Bioethical Inquiry,27,38
Journal of Empirical Research on Human Research Ethics,25,37
Developing World Bioethics,24,33
Health Care Analysis,22,33
Cambridge Quarterly of Healthcare Ethics,22,31
Asian Bioethics Review,21,41
Neuroethics,21,34
"Ethics, Medicine and Public Health",20,29
American Journal of Bioethics Neuroscience,20,27
Public Health Ethics,20,25
Indian Journal of Medical Ethics,19,40
The Journal of Medicine and Philosophy: A Forum for Bioethics and Philosophy of Medicine,19,30
Canadian Journal of Political Science/Revue Canadienne de Science Politique,25,44
The Canadian Geographer,24,33
Canadian Public Policy,20,45
Canadian Review of Sociology,19,59
Canadian Ethnic Studies,16,41
Canadian Public Administration,15,18
The School of Public Policy Publications,14,22
Canadian Journal of Law and Society/La Revue Canadienne Droit et Société,12,16
Canadian Foreign Policy Journal,11,24
Canadian Historical Review,10,12
American Review of Canadian Studies,9,12
Journal of Canadian Studies,9,11
BC Studies,8,15
University of Toronto Quarterly,8,12
TOPIA: Canadian Journal of Cultural Studies,7,12
Canadian Theatre Review,7,9
Canadian Literature,5,9
Acadiensis,5,7
Historical Studies in Education/Revue d'histoire de l'éducation,5,6
Theatre Research in Canada,5,6
China Economic Review,61,74
Journal of Contemporary China,41,67
China Agricultural Economic Review,32,50
The China Quarterly,30,56
Chinese Management Studies,28,40
The Chinese Journal of International Politics,26,46
Journal of Chinese Political Science,25,40
China & World Economy,24,33
Chinese Sociological Review,22,32
Journal of Chinese Governance,22,28
Chinese Journal of Communication,21,36
China Economic Journal,20,35
Chinese Political Science Review,20,29
China Quarterly of International Strategic Studies,19,30
Global Media and China,19,28
China Journal,19,27
Economic and Political Studies,18,33
Journal of Chinese Economic and Business Studies,18,29
The Chinese Economy,17,24
China Information,16,25
Trends in Cognitive Sciences,109,187
Psychonomic Bulletin & Review,67,117
Cortex,63,90
Cognition,62,79
Neuropsychologia,61,83
Journal of Experimental Psychology: General,59,95
Journal of Cognitive Neuroscience,47,66
Social Cognitive and Affective Neuroscience,46,71
Cognition and Emotion,45,66
Bilingualism: Language and Cognition,42,68
"Journal of Experimental Psychology: Learning, Memory, and Cognition",40,55
Topics in Cognitive Science,38,62
Consciousness and Cognition,38,57
Journal of Memory and Language,38,52
Journal of Experimental Psychology: Human Perception and Performance,38,50
Quarterly Journal of Experimental Psychology,38,47
"Cognitive, Affective, & Behavioral Neuroscience",37,52
Applied Cognitive Psychology,36,52
Journal of Applied Research in Memory and Cognition,35,53
"Language, Cognition and Neuroscience",35,51
Justice Quarterly,41,69
American Journal of Criminal Justice,41,64
The British Journal of Criminology,41,62
Annual Review of Criminology,40,82
Journal of Quantitative Criminology,40,57
Policing and Society,40,52
Criminology,39,62
Journal of Criminal Justice,38,62
Criminology & Public Policy,37,70
Sexual Abuse,36,55
Criminal Justice and Behavior,36,48
International Journal of Offender Therapy and Comparative Criminology,36,47
Crime & Delinquency,35,51
European Journal of Criminology,33,57
Law and Human Behavior,33,43
Criminology & Criminal Justice,32,50
Journal of Experimental Criminology,32,48
Theoretical Criminology,32,44
Journal of Police and Criminal Psychology,32,43
Policing,30,42
World Development,111,152
Journal of Development Economics,80,121
Food Policy,66,92
The Journal of Peasant Studies,56,88
The Journal of Development Studies,50,74
Development and Change,44,64
Third World Quarterly,43,61
Economies,41,59
The World Bank Economic Review,40,58
The European Journal of Development Research,35,63
Development Policy Review,34,41
Journal of Agrarian Change,30,44
Development Southern Africa,30,39
Journal of International Development,29,50
Journal of African Business,29,48
Review of Development Economics,29,44
Asian Economic and Financial Review,29,40
The Journal of Developing Areas,28,35
Economic Development and Cultural Change,27,45
African Journal of Economic and Management Studies,27,36
Foreign Affairs,56,79
International Organization,53,86
International Affairs,53,82
Journal of Conflict Resolution,51,72
Review of International Political Economy,48,68
Journal of Peace Research,46,67
Journal of Democracy,45,85
Third World Quarterly,43,61
International Studies Quarterly,42,60
European Journal of International Relations,41,60
Terrorism and Political Violence,41,55
Global Policy,39,53
Studies in Conflict & Terrorism,38,50
The Review of International Organizations,36,67
Geopolitics,36,55
Journal of European Integration,35,45
Review of International Studies,33,51
International Studies Review,33,49
Security Dialogue,33,46
Contemporary Security Policy,31,49
Early Childhood Research Quarterly,57,85
Early Childhood Education Journal,50,65
Reading and Writing,46,60
Reading Research Quarterly,44,64
Early Childhood Development and Care,43,58
Scientific Studies of Reading,36,54
Early Education and Development,36,51
The Reading Teacher,34,49
European Early Childhood Education Research Journal,32,49
Journal of Research in Reading,31,51
International Electronic Journal of Elementary Education,31,44
Journal of Early Childhood Literacy,29,47
Journal of Research in Childhood Education,28,39
Education 3-13,27,36
Contemporary Issues in Early Childhood,25,36
Reading & Writing Quarterly,25,33
International Journal of Early Years Education,24,34
Journal of Early Childhood Research,24,31
The Elementary School Journal,23,34
International Journal of Early Childhood,22,42
The Journal of Economic History,35,49
The Economic History Review,28,44
Explorations in Economic History,24,36
Business History,24,34
Review of Keynesian Economics,23,38
European Review of Economic History,21,28
Cliometrica,19,27
History of Political Economy,17,22
Accounting History,15,16
The European Journal of the History of Economic Thought,14,20
Journal of Iberian and Latin American Economic History,13,19
Journal of the History of Economic Thought,13,19
Scandinavian Economic History Review,11,14
Investigaciones de Historia Económica/Economic History Research,10,18
Erasmus Journal for Philosophy and Economics,9,12
Agricultural History,9,10
Jahrbuch für Wirtschaftsgeschichte/Economic History Yearbook,8,10
"Œconomia. History, Methodology, Philosophy",8,10
The Indian Economic & Social History Review,7,11
History of Economic Ideas,7,10
Education and Information Technologies,91,125
Teaching and Teacher Education,88,142
British Journal of Educational Technology,86,110
Education Sciences,78,114
Studies in Higher Education,74,118
International Journal of Instruction,73,103
Higher Education,73,102
Educational Psychology Review,71,116
International Journal of Educational Technology in Higher Education,68,118
Educational Technology Research and Development,66,103
Learning and Instruction,65,95
System,64,96
Educational Research Review,63,156
Assessment & Evaluation in Higher Education,61,99
Journal of Computer Assisted Learning,61,92
Review of Educational Research,60,145
American Educational Research Journal,60,104
Contemporary Educational Psychology,60,90
Educational Researcher,59,108
Thinking Skills and Creativity,58,86
Educational Management Administration & Leadership,52,81
Professional Development in Education,44,66
Educational Administration Quarterly,41,64
International Journal of Educational Management,41,61
Journal of Education Policy,40,60
Educational Policy,37,54
School Leadership & Management,35,61
Phi Delta Kappan,35,57
Journal of Educational Administration,34,63
International Journal of Leadership in Education,33,59
School Effectiveness and School Improvement,33,56
Education and Urban Society,30,52
Leadership and Policy in Schools,26,41
"Educational Assessment, Evaluation and Accountability",25,39
Journal of School Leadership,24,38
Educational Leadership,24,32
"The Clearing House: A Journal of Educational Strategies, Issues and Ideas",22,36
International Studies in Educational Administration (Commonwealth Council for Educational Administration & Management (CCEAM)),21,33
Management in Education,19,34
Arts Education Policy Review,19,30
Educational Psychology Review,71,116
Journal of Educational Psychology,67,108
Contemporary Educational Psychology,60,90
Learning and Individual Differences,54,77
Journal of School Psychology,52,80
Journal of Counseling Psychology,51,76
Educational Psychologist,47,102
Educational Psychology,45,76
Psychology in the schools,45,62
British Journal of Educational Psychology,44,65
Social Psychology of Education,44,59
School Psychology Quarterly,42,67
Journal of Counseling & Development,34,61
School Psychology Review,33,53
School Psychology,31,55
School Psychology International,31,46
Journal of Psychoeducational Assessment,29,36
Professional Counselor,26,37
Metacognition and Learning,25,41
Contemporary School Psychology,25,36
Computers & Education,147,223
Education and Information Technologies,91,125
British Journal of Educational Technology,86,110
International Journal of Instruction,73,103
International Journal of Educational Technology in Higher Education,68,118
Educational Technology Research and Development,66,103
Interactive Learning Environments,66,99
Computer Assisted Language Learning,64,97
International Journal of Emerging Technologies in Learning (iJET),64,96
Journal of Computer Assisted Learning,61,92
Journal of Educational Computing Research,52,88
The Internet and Higher Education,51,94
Australasian Journal of Educational Technology,51,80
International Review of Research in Open and Distributed Learning,49,86
Educational Technology & Society,49,83
"Learning, Media and Technology",49,81
TechTrends,46,72
Distance Education,43,74
International Conference on Learning Analytics & Knowledge,42,72
Language Learning & Technology,41,68
Environmental Research,117,175
Environmental Health Perspectives,76,104
International Journal of Hygiene and Environmental Health,59,78
Journal of Occupational Health Psychology,53,86
Environmental Health,52,76
Epidemiology,50,68
"Air Quality, Atmosphere & Health",48,73
Occupational and Environmental Medicine,48,71
Regulatory Toxicology and Pharmacology,47,72
Indoor Air,46,64
Safety and Health at Work,44,67
Current Environmental Health Reports,43,70
International Journal of Industrial Ergonomics,43,63
Journal of Occupational and Environmental Medicine,42,67
Journal of Exposure Science & Environmental Epidemiology,42,63
Work,42,59
"Scandinavian Journal of Work, Environment & Health",41,77
Journal of Environmental and Public Health,41,62
International Archives of Occupational and Environmental Health,41,52
Occupational Medicine,39,64
Energy Policy,123,172
Energy Economics,122,168
Energy Research & Social Science,102,151
Marine Policy,76,102
Journal of Environmental Economics and Management,66,103
Energy Strategy Reviews,66,98
Current Opinion in Environmental Sustainability,64,118
Climate Policy,64,97
Environmental Impact Assessment Review,53,73
Climate and Development,48,72
Journal of Environmental Planning and Management,47,66
Annual Reviews of Environment and Resources,44,106
Journal of the Association of Environmental and Resource Economists,40,69
Energy Efficiency,40,54
Mitigation and Adaptation Strategies for Global Change,39,58
The Energy Journal,39,58
Energy & Environment,37,53
Journal of Environmental Policy & Planning,36,56
Review of Environmental Economics and Policy,34,62
Global Environmental Politics,34,48
Synthese,54,76
The British Journal for the Philosophy of Science,39,56
Noûs,39,54
Philosophy of Science,27,36
Erkenntnis,25,34
Studies in History and Philosophy of Science Part B: Studies in History and Philosophy of Modern Physics,24,32
Philosopher's Imprint,23,36
Studies in History and Philosophy of Science Part A,23,36
European Journal for Philosophy of Science,22,35
Journal of Philosophical Logic,22,33
Journal of Philosophy,19,31
Pacific Philosophical Quarterly,19,28
Foundations of Science,19,26
Royal Institute of Philosophy Supplements,18,31
The Review of Symbolic Logic,18,27
History and Philosophy of the Life Sciences,18,24
The Monist,18,23
Journal for General Philosophy of Science,15,20
Studies in History and Philosophy of Science Part C: Studies in History and Philosophy of Biological and Biomedical Sciences,14,19
Philosophia,14,18
Journal of Business Ethics,136,192
Corporate Social Responsibility and Environmental Management,92,144
Business & Society,63,101
Science and Engineering Ethics,52,97
Social Responsibility Journal,52,68
Business Ethics: A European Review,36,53
Ethics & Behavior,27,45
Business Ethics Quarterly,26,47
Journal of Moral Education,26,36
Public Integrity,25,34
Journal of Academic Ethics,24,44
Journal of Global Responsibility,24,40
Journal of Applied Philosophy,23,35
Environmental Values,22,33
Ethical Theory and Moral Practice,22,31
Research Ethics,20,36
Ethics & International Affairs,20,35
Ethics,20,31
Res Publica,16,20
Journal of Social Philosophy,15,27
German Law Journal,30,47
European Journal of Risk Regulation,28,42
European Business Organization Law Review,26,41
Common Market Law Review,26,39
International Journal of Constitutional Law,22,38
European Constitutional Law Review,22,31
European Law Journal,21,27
ERA Forum,19,33
Global Constitutionalism,18,26
Maastricht Journal of European and Comparative Law,17,21
Intertax,16,25
European Labour Law Journal,16,21
Journal of European Competition Law & Practice,15,21
European Review of Private Law,14,20
European Competition Journal,13,25
Journal of European Consumer and Market Law,13,21
European Law Review,13,19
European Papers-A Journal on Law and Integration,13,16
European Company and Financial Law Review,13,15
Italian Labour Law e-Journal,12,17
Journal of Child and Family Studies,59,84
Journal of Marriage and Family,53,95
Journal of Social and Personal Relationships,47,69
Family Process,45,69
Clinical Child and Family Psychology Review,44,66
Journal of Family Psychology,43,57
Journal of Family Issues,40,52
Journal of Family and Economic Issues,34,57
Family Relations,34,54
Journal of Family Theory & Review,33,68
Journal of Marital and Family Therapy,29,43
"Community, Work & Family",26,53
Journal of GLBT Family Studies,26,40
Journal of Family Therapy,24,34
Family Court Review,23,29
Marriage & Family Review,22,33
Journal of Family Studies,22,30
The Family Journal,22,30
Journal of Divorce & Remarriage,21,39
Contemporary Family Therapy,21,31
Feminist Media Studies,42,79
Psychology of Women Quarterly,38,72
Women's Studies International Forum,33,56
Feminism & Psychology,29,46
Signs,27,48
Feminist Criminology,27,42
International Feminist Journal of Politics,27,41
Journal of International Women's Studies,22,29
Hypatia,21,35
European Journal of Women's Studies,21,32
Feminist Review,21,29
Women's Studies in Communication,19,30
Feminist Theory,19,25
NORA-Nordic Journal of Feminist and Gender Research,18,25
Journal of Lesbian Studies,17,29
Feminist Legal Studies,17,25
Australian Feminist Studies,15,20
Feminist Studies,14,22
Asian Journal of Women's Studies,13,23
Feminist Formations,13,21
Forensic Science International: Genetics,51,68
Forensic Science International,46,54
Journal of Forensic Sciences,40,55
International Journal of Legal Medicine,39,52
Digital Investigation,35,46
Journal of Analytical Toxicology,34,43
Journal of Forensic and Legal Medicine,31,38
Forensic Sciences Research,30,51
Science & Justice,27,34
Forensic Chemistry,26,33
"Forensic Science, Medicine and Pathology",24,33
Legal Medicine,24,30
Forensic Toxicology,24,29
Indian Journal of Forensic Medicine & Toxicology,23,36
Forensic Science International: Digital Investigation,22,29
Forensic Science International: Synergy,21,31
Australian Journal of Forensic Sciences,21,28
The Journal of Forensic Psychiatry & Psychology,20,28
The Journal of the American Academy of Psychiatry and the Law,20,28
Wiley Interdisciplinary Reviews: Forensic Science,19,27
Progress in Human Geography,73,104
Applied Geography,57,78
Annals of the American Association of Geographers,56,78
Tourism Geographies,55,117
International Journal of Geographical Information Science,51,71
Political Geography,46,62
Urban Geography,45,65
GeoJournal,44,60
Journal of Economic Geography,42,64
Dialogues in Human Geography,40,69
Transactions of the Institute of British Geographers,40,62
Geography Compass,36,57
Geopolitics,36,55
Social & Cultural Geography,36,53
Economic Geography,32,54
Journal of Economic and Social Geography,31,57
Progress in Physical Geography: Earth and Environment,31,49
Transactions in GIS,30,48
Chinese Geographical Science,30,44
Area,30,40
Health Affairs,87,142
Journal of Health Economics,50,81
Health Policy,49,85
Health Services Research,49,77
Health Research Policy and Systems,49,76
Health Policy and Planning,45,69
The International Journal of Health Planning and Management,42,55
The Milbank Quarterly,36,77
Journal of Managed Care & Specialty Pharmacy,36,44
Medical Care Research and Review,32,45
"INQUIRY: The Journal of Health Care Organization, Provision, and Financing",32,43
JAMA Health Forum,30,52
Health Systems & Reform,27,47
Journal of Public Health Policy,25,42
"Journal of Health Politics, Policy and Law",23,36
"Health Economics, Policy and Law",23,34
International Journal of Health Economics and Management,17,34
Medical Law Review,17,22
American Health & Drug Benefits,16,22
Eurohealth,15,27
Studies in Higher Education,74,118
Higher Education,73,102
Assessment & Evaluation in Higher Education,61,99
Higher Education Research & Development,57,86
Teaching in Higher Education,48,63
Journal of Further and Higher Education,46,67
Journal of Diversity in Higher Education,43,65
Research in Higher Education,43,64
Journal of International Students,41,61
The Journal of Higher Education,40,60
Innovations in Education and Teaching International,39,56
"Journal of College Student Retention: Research, Theory & Practice",38,68
Journal of College Student Development,38,53
Active Learning in Higher Education,37,60
The Review of Higher Education,36,53
Journal of Studies in International Education,35,62
Journal of Higher Education Policy and Management,32,54
Journal of Applied Research in Higher Education,30,47
Community College Journal of Research and Practice,30,43
Higher Education Quarterly,30,41
The Journal of Economic History,35,49
The Economic History Review,28,44
Business History,24,34
Past & Present,23,42
The American Historical Review,20,29
Journal of Global History,17,28
Comparative Studies in Society and History,17,24
The History of the Family,17,21
Journal of Urban History,16,23
The Historical Journal,16,20
Journal of Historical Geography,15,24
Modern Italy,14,25
History and Theory,14,23
Business History Review,14,20
Law and History Review,14,18
Enterprise & Society,14,17
Modern Intellectual History,14,17
The International History Review,14,17
Journal of Interdisciplinary History,13,21
Medical History,13,20
Journal of Ethnic and Migration Studies,70,100
Ethnic and Racial Studies,49,68
Comparative Migration Studies,37,57
"Population, Space and Place",37,53
International Migration Review,35,56
International Migration,35,52
Journal of Refugee Studies,33,52
Mobilities,33,52
Ethnicities,30,43
Journal of International Migration and Integration,30,40
Citizenship Studies,29,46
Journal of Immigrant & Refugee Studies,27,62
Global Networks,26,40
Identities,25,39
Migration Studies,23,35
International Journal of Refugee Law,21,43
Migration and Development,20,31
Journal of Intercultural Studies,20,27
Migration Letters,20,26
Refuge,18,29
Journal of Management,112,170
Academy of Management Journal,90,128
Journal of Vocational Behavior,82,123
Journal of Knowledge Management,82,120
The International Journal of Human Resource Management,80,113
Academy of Management Review,76,120
The Leadership Quarterly,72,123
International Journal of Project Management,72,100
Journal of Management Studies,71,124
Journal of Organizational Behavior,67,122
Human Resource Management Review,67,106
Academy of Management Annals,62,131
Human Relations,62,84
International Journal of Management Reviews,61,106
Organization Studies,61,93
Journal of Human Resources,60,88
Human Resource Management,58,90
Leadership & Organization Development Journal,58,86
Journal of Management in Engineering,58,76
Administrative Science Quarterly,56,102
German Law Journal,30,47
American Journal of International Law,29,51
European Journal of International Law,29,46
Journal of International Economic Law,28,42
Journal of Money Laundering Control,27,41
The International Journal of Human Rights,27,38
Common Market Law Review,26,39
International and Comparative Law Quarterly,26,35
International Journal of Constitutional Law,22,38
European Constitutional Law Review,22,31
International Journal of Refugee Law,21,43
International Journal of Transitional Justice,21,29
Business and Human Rights Journal,20,30
ERA Forum,19,33
Human Rights Law Review,19,26
Global Constitutionalism,18,26
Leiden Journal of International Law,18,26
IIC-International Review of Intellectual Property and Competition Law,18,24
Netherlands International Law Review,18,24
American Journal of Comparative Law,18,23
Harvard Law Review,52,113
Yale Law Journal,50,99
Columbia Law Review,48,79
University of Chicago Law Review,43,61
Stanford Law Review,41,64
University of Pennsylvania Law Review,38,54
California Law Review,36,69
Michigan Law Review,36,56
Boston University Law Review,36,54
New York University Law Review,35,63
Boston College Law Review,35,55
Georgetown Law Journal,35,55
Northwestern University Law Review,34,51
Vanderbilt Law Review,33,64
Iowa Law Review,33,55
Virginia Law Review,33,49
Fordham Law Review,33,46
Duke Law Journal,32,58
Notre Dame Law Review,32,53
Minnesota Law Review,32,47
Scientometrics,69,97
Journal of Informetrics,48,73
Journal of the Association for Information Science and Technology,47,65
The Journal of Academic Librarianship,38,58
Online Information Review,37,50
Journal of Information Science,36,57
Journal of Librarianship and Information Science,34,51
Journal of Documentation,33,60
Library Hi Tech,33,46
Library Philosophy and Practice,33,46
Journal of the Medical Library Association,31,74
Information Development,31,47
Quantitative Science Studies,30,53
Information and Learning Sciences,30,41
College & Research Libraries,29,47
Learned Publishing,28,47
The Electronic Library,28,40
Aslib Journal of Information Management,27,47
Library & Information Science Research,27,38
Library Management,25,34
Turkish Studies,23,36
British Journal of Middle Eastern Studies,20,27
The Light of Islam,19,29
Middle East Critique,17,33
Insight Turkey,17,25
The Journal of North African Studies,17,22
Counter Terrorist Trends and Analyses,15,22
Middle Eastern Studies,15,20
Journal of Muslim Minority Affairs,14,21
The Middle East Journal,14,20
Studia Islamika,14,19
Contemporary Islam,13,21
International Journal of Islamic Thought,13,20
New Perspectives on Turkey,13,18
Al-Shajarah: Journal of the International Institute of Islamic Thought and Civilization (ISTAC),13,17
Middle East Policy,13,16
International Journal of Middle East Studies,12,17
Bulletin of the American Schools of Oriental Research,12,16
Intellectual Discourse,12,16
Levant,12,15
Studies in Conflict & Terrorism,38,50
International Security,33,68
Security Dialogue,33,46
Journal of Strategic Studies,31,51
Contemporary Security Policy,31,49
Survival,30,46
Perspectives on Terrorism,28,45
Defence and Peace Economics,28,42
Security Studies,25,36
Intelligence and National Security,25,33
European Security,23,43
International Peacekeeping,23,36
Armed Forces & Society,23,33
Military Psychology,22,31
Strategic Studies Quarterly,21,37
Defence Studies,21,31
Small Wars & Insurgencies,20,27
The RUSI Journal,19,32
Journal of Strategic Security,19,26
International Conference on Cyber Conflict (CyCon),18,27
"Palaeogeography, Palaeoclimatology, Palaeoecology",44,53
Cretaceous Research,29,35
Palaeontology,27,34
Historical Biology,25,37
Journal of Systematic Palaeontology,24,32
Marine Micropaleontology,22,28
Paleobiology,22,26
Review of Palaeobotany and Palynology,21,25
Journal of Vertebrate Paleontology,21,24
Journal of Paleontology,20,22
Newsletters on Stratigraphy,19,25
Acta Palaeontologica Polonica,19,24
Lethaia,19,24
Palynology,19,24
Papers in Palaeontology,19,22
Comptes Rendus Palevol,18,28
Palaeontologia Electronica,18,23
Geobios,16,21
Palaios,16,21
Palaeoworld,15,25
American Political Science Review,73,126
American Journal of Political Science,68,108
Journal of European Public Policy,67,115
The Journal of Politics,65,92
British Journal of Political Science,62,84
Comparative Political Studies,58,80
Annual Review of Political Science,54,93
West European Politics,51,78
JCMS: Journal of Common Market Studies,48,72
European Journal of Political Research,46,77
Political Behavior,46,67
Journal of Democracy,45,85
Perspectives on Politics,45,72
Democratization,45,65
Political Analysis,44,85
Political Science Research and Methods,42,69
Party Politics,41,63
Political Studies,40,57
Governance,38,57
Politics and Governance,37,51
International Journal of Environmental Research and Public Health,201,280
BMC Public Health,124,174
The Lancet Public Health,100,199
American Journal of Public Health,95,151
American Journal of Preventive Medicine,78,117
International Journal of Behavioral Nutrition and Physical Activity,74,121
Preventive Medicine,74,102
AIDS and behavior,66,89
Annual Reviews of Public Health,65,134
Tobacco Control,64,101
Public Health,64,91
Bulletin of the World Health Organization,63,106
Nicotine and Tobacco Research,63,84
JMIR Public Health and Surveillance,62,131
Journal of Global Health,60,101
International Journal for Equity in Health,60,79
European Journal of Public Health,59,85
Health & Place,57,81
Journal of Public Health (UK Faculty of Public Health),55,81
SSM-Population Health,54,77
Government Information Quarterly,79,121
Public Management Review,63,98
Public Administration Review,62,101
The American Review of Public Administration,48,76
Journal of Public Administration Research and Theory,46,74
Policy Studies Journal,45,62
Social Policy & Administration,44,66
Policy and Society,43,84
International Journal of Public Administration,42,69
Public Administration,41,61
VOLUNTAS: International Journal of Voluntary and Nonprofit Organizations,41,52
International Review of Administrative Sciences,39,70
Review of Public Personnel Administration,38,77
Governance,38,57
Regulation & Governance,38,53
Administration & Society,36,58
Public Money & Management,36,48
Science and Public Policy,35,58
Policy & Politics,35,57
Public Performance & Management Review,34,54
Academic Medicine,80,109
BMC Medical Education,76,122
Medical Teacher,62,85
International Journal of STEM Education,59,92
Medical Education,59,77
"Eurasia Journal of Mathematics, Science and Technology Education",55,82
Environmental Education Research,52,72
Journal of Research in Science Teaching,52,70
International Journal of Science Education,51,73
CBE—Life Sciences Education,48,67
Zentralblatt für Didaktik der Mathematik (ZDM),47,67
Anatomical Sciences Education,46,74
Science Education,46,73
International Journal of Science and Mathematics Education,46,60
"Technology, Knowledge and Learning",45,72
Research in Science Education,43,61
Journal of Science Education and Technology,40,62
Journal on Mathematics Education,40,53
Physical Review. Physics Education Research,39,61
Educational Studies in Mathematics,39,59
Archives of Sexual Behavior,61,81
The Journal of Sex Research,55,78
Journal of Homosexuality,50,75
Sexual Medicine Reviews,42,65
LGBT Health,40,53
Psychology of Sexual Orientation and Gender Diversity,39,55
"Culture, Health & Sexuality",38,52
Sex Education,37,50
Sexualities,37,46
Journal of Sex & Marital Therapy,37,44
Sexual Abuse,36,55
Sexuality Research and Social Policy,33,61
Sexuality & Culture,31,42
Transgender Health,29,51
Sexual Health,28,39
Psychology & Sexuality,26,39
Journal of LGBT Youth,25,42
Sexuality and Disability,23,32
Current Sexual Health Reports,21,38
Perspectives on Sexual and Reproductive Health,21,33
Nature Human Behaviour,114,196
Social Science & Medicine,105,144
Global Environmental Change,90,132
Resources Policy,89,124
Technology in Society,85,126
"Information, Communication & Society",78,120
Business Horizons,74,165
Journal of Rural Studies,72,100
SAGE Open,71,102
Humanities and Social Sciences Communications,67,105
"The Journal of Asian Finance, Economics and Business (JAFEB)",67,85
Social Indicators Research,65,98
Economic Research-Ekonomska Istraživanja,64,90
Geoforum,64,87
Wiley Interdisciplinary Reviews: Climate Change,63,103
Globalization and Health,62,99
Big Data & Society,60,85
Social Sciences,60,84
Working Paper Series-National Bureau of Economic Research (Massachusetts),59,116
Environmental Innovation and Societal Transitions,59,95
Child Abuse & Neglect,81,116
Children and Youth Services Review,75,111
"Trauma, Violence, & Abuse",71,109
Journal of Interpersonal Violence,63,81
Journal of Child and Family Studies,59,84
Aggression and Violent Behavior,57,96
Health & Social Care in the Community,51,64
Family Process,45,69
Violence Against Women,43,56
Psychology of Violence,42,69
Journal of Family Violence,37,54
International Social Work,37,52
The British Journal of Social Work,36,49
Child & Family Social Work,36,48
Family Relations,34,54
Research on Social Work Practice,34,49
Journal of Human Behavior in the Social Environment,34,46
European Journal of Social Work,34,43
Clinical Social Work Journal,33,49
Child and Adolescent Mental Health,33,43
Journal of Ethnic and Migration Studies,70,100
American Sociological Review,63,105
Annual Review of Sociology,54,90
Demography,54,75
Journal of Marriage and Family,53,95
Antipode,49,71
Ethnic and Racial Studies,49,68
Socius,47,68
"Work, Employment and Society",46,61
Sociology,45,77
The Sociological Review,45,74
Urban Geography,45,65
Sociological Methods & Research,44,100
International Journal of Social Research Methodology,44,97
Social Forces,44,59
European Societies,43,82
Industrial and Labor Relations Review,43,72
Justice Quarterly,41,69
The British Journal of Criminology,41,62
Social Science Research,41,58
International Journal of Inclusive Education,56,79
European Journal of Special Needs Education,40,60
Gifted Child Quarterly,36,57
Journal of Learning Disabilities,36,54
Remedial and Special Education,35,67
Exceptional Children,35,61
Journal for the Education of Gifted Young Scientists,33,43
Teacher Education and Special Education,32,50
Journal of Positive Behavior Interventions,29,45
"International Journal of Disability, Development and Education",29,42
Intervention in School and Clinic,28,38
Journal of Research in Special Educational Needs,26,53
Behavioral Disorders,26,45
The Journal of Special Education,26,44
Career Development and Transition for Exceptional Individuals,26,42
Journal of Behavioral Education,26,37
The Journal of Deaf Studies and Deaf Education,26,35
Journal of Intellectual Disabilities,25,42
Journal of Special Education Technology,25,42
Learning Disability Quarterly,25,35
Journal of Cleaner Production,246,321
Journal of Environmental Management,148,194
Nature Sustainability,128,208
Business Strategy and the Environment,105,154
Ecological Economics,94,140
Corporate Social Responsibility and Environmental Management,92,144
Journal of Sustainable Tourism,84,117
Environmental Science & Policy,82,106
Sustainable Production and Consumption,78,125
"Environment, Development and Sustainability",73,98
Ecosystem Services,71,109
Sustainable Development,69,103
Sustainability Science,67,103
Journal of Environmental Economics and Management,66,103
Current Opinion in Environmental Sustainability,64,118
Ecology and Society,60,93
Journal of Industrial Ecology,57,101
The International Journal of Life Cycle Assessment,55,76
Environmental Impact Assessment Review,53,73
Environmental and Resource Economics,51,86
Teaching and Teacher Education,88,142
International Journal of Instruction,73,103
Journal of Teacher Education,52,86
Teaching in Higher Education,48,63
TESOL Quarterly,47,70
European Journal of Teacher Education,44,75
Professional Development in Education,44,66
Reading Research Quarterly,44,64
Journal of Education for Teaching,42,66
Teachers and Teaching,42,63
English Language Teaching,42,58
Cogent Education,42,56
"Technology, Pedagogy and Education",39,80
The Asia-Pacific Education Researcher,39,60
Journal of Research on Technology in Education,38,67
Australian Journal of Teacher Education,37,51
Journal of Educational Research,35,47
English Language Teaching Journal,34,55
The Reading Teacher,34,49
Innovation in Language Learning and Teaching,34,46
Computer Law & Security Review,46,78
Berkeley Technology Law Journal,22,65
International Data Privacy Law,20,32
World Patent Information,20,27
"International Review of Law, Computers & Technology",18,28
IIC-International Review of Intellectual Property and Competition Law,18,24
Vanderbilt Journal of Entertainment and Technology Law,17,22
"Journal of Intellectual Property, Information Technology & Electronic Communication Law",15,23
European Data Protection Law Review,14,22
Columbia Journal of Law & the Arts,14,19
Journal of Intellectual Property Law & Practice,14,19
European Competition Journal,13,25
"Fordham Intellectual Property, Media & Entertainment Law Journal",13,22
Journal of European Consumer and Market Law,13,21
Pharmaceutical Patent Analyst,12,20
Cardozo Arts & Entertainment Law Journal,12,19
Journal of Antitrust Enforcement,12,19
The Journal of World Intellectual Property,12,18
Jurimetrics,12,17
GRUR International,9,16
Land Use Policy,103,130
Cities,93,121
Landscape and Urban Planning,87,123
Urban Forestry & Urban Greening,72,99
Urban Studies,70,101
Regional Studies,62,87
"Computers, Environment and Urban Systems",58,86
Habitat International,56,77
Environment and Planning A: Economy and Space,51,76
European Planning Studies,51,73
Journal of Urban Economics,50,104
Environment and Planning B: Urban Analytics and City Science,47,60
Urban Geography,45,65
International Journal of Urban and Regional Research,43,59
Regional Science and Urban Economics,41,58
Housing Studies,39,54
Journal of Planning Education and Research,38,60
"Cambridge Journal of Regions, Economy and Society",37,59
Papers in Regional Science,36,56
Urban Affairs Review,35,57