dataset_name,model_name,present-f1@3,absent-recall@3,present-f1@5,absent-recall@5,present-f1@10,absent-recall@10
krapivin,phrase_splade_30,0.21707767836406722,0.03556478405315615,0.2247030251535007,0.041930601698043565,0.20637240978884316,0.05969545957918051
