dataset_name,model_name,present-f1@3,absent-recall@3,present-f1@5,absent-recall@5,present-f1@10,absent-recall@10
inspec,phrase_splade_31,0.23614499492015845,0.018884582256675282,0.29836483822294385,0.020930232558139535,0.3584987060523159,0.024744678233050325
krapivin,phrase_splade_31,0.2141120231265453,0.016507936507936506,0.22080461698587636,0.025190107050572168,0.19469939863491384,0.03656884459210041
nus,phrase_splade_31,0.23239154596399939,0.018598861514302692,0.2645100969072124,0.025654417069858243,0.2552209880144716,0.03972355626399744
semeval,phrase_splade_31,0.19682731729358993,0.013608053001992394,0.23805847375600636,0.014618154012093406,0.2648504546859232,0.023291579352185413
