dataset_name,model_name,present-f1@3,absent-recall@3,present-f1@5,absent-recall@5,present-f1@10,absent-recall@10
inspec,phrase_splade,0.24131211684728307,0.01315983757844223,0.31148276084256227,0.024597022271440876,0.3750935191825408,0.03411579806928645
kp20k,phrase_splade,0.2137984834576927,0.030573361611400104,0.2167545961912174,0.040985364083902596,0.18830952443632537,0.0588567532323598
krapivin,phrase_splade,0.2195699702448483,0.024226651901070505,0.22909726309340983,0.03089331856773717,0.20222580291477607,0.047719722138326794
nus,phrase_splade,0.2772085622013886,0.03131468041762159,0.28213252808926,0.03958452168746286,0.26848105906782055,0.058974892789790484
semeval,phrase_splade,0.2086020547367766,0.022536624430563826,0.26122367172184224,0.027955896516502578,0.2902168443802742,0.03810500666561273
